question_id,question,passage_id,passage_text,label
T02Q01,can i start a part time job before my uni course actually starts,S03_007,"Additional information

See Your study situation has changed (https://immi.homeaffairs.gov.au/change-in-situation/study-situation). You must not change your course of study, thesis or research topic without the approval of the Minister.- This approval can only be given after the Minister has obtained an assessment from the competent Australian authorities that you are not likely to be directly or indirectly a risk to Australian national security. If you are considering changing your thesis, major or research topic you must: complete Form 1221 - Additional personal particulars information (PDF) (/form-listing/forms/1221.pdf) and ​submit a 8203/8204 Change of Study Assessment Request (/change-in-situation/study-situation/study-assessment)​. See the regulation (https://www.legislation.gov.au/F1996B03551/latest/versions)​",
T02Q01,can i start a part time job before my uni course actually starts,S03_001,"The following condition(s) might be attached to this visa:

This condition means you cannot work more than 40 hours a fortnight, unless you are a family member of a Student visa holder. Family members of a Student visa holder Family members of a Student visa holder cannot work before the student’s course starts. That is unless the Student visa holder or their family member held another visa that allowed them to work in Australia. Working while the course is in session: Family members can work up to 48 hours a fortnight while the course is in session. If the student is studying a Master’s Degree by Research or Doctoral Degree, they and their family members can work more than 48 hours a fortnight. If the student is studying a Master’s Degree by Coursework, or a Master’s Degree (Extended), their family members can also work more than 48 hours a fortnight. However, the student can still only work up to 48 hours a fortnight while their course is in session. A fortnight is a period of 14 days starting on a Monday. Working when the course is not in session: Select a visa below... Student visa (subclass 500) Not sure which visa you have? Check your conditions (VEVO) or have a look at the visa grant letter you received.",
T02Q01,can i start a part time job before my uni course actually starts,S01_002,"Requesting non-disclosure of details

In most instances, you need to apply for your ABN before you apply for non-disclosure of your ABN details. This usually results in your details being publicly available until the non-disclosure request is finalised. If you are an individual (sole trader) and have exceptional circumstances, you can apply for your ABN at the same time as your non-disclosure request. This will stop your details from being publicly available while we process your non-disclosure request. For more information on how to request a non-disclosure of details, see Request non-disclosure of ABN details. Watch this video to find out more about ABNs. QC 28 Applying for an ABN",
T02Q01,can i start a part time job before my uni course actually starts,S09_003,"Tip: Use our Record My Hours app

We recommend employees keep a record of their hours, for example, in a diary or using our Record My Hours app (www.fairwork.gov.au/tools-and- resources/record-my-hours-app) .

### slips
If your employer doesn’t start giving you pay slips after you’ve asked them to, you can: give them the information on our website about pay slips (www.fairwork.gov.au/pay-and- wages/paying-wages/pay-slips) ask to have a meeting with your employer if the problem hasn’t been fixed. When you ask to meet with your employer, give them at least 7 days to provide you with all your pay slips before you take further steps.",
T02Q01,can i start a part time job before my uni course actually starts,S10_011,"Tools and resources

An employee's guide to fixing workplace problems (www.fairwork.gov.au/sites/default/files/2025-04/fg- an-employees-guide-to-fixing-workplace- problems.docx) An employee's guide to fixing workplace problems (www.fairwork.gov.au/sites/default/files/2025-04/fg- an-employees-guide-to-fixing-workplace- problems.pdf) Pay and Conditions Tool (www.fairwork.gov.au/pay-and-wages/pay- calculator) Difficult conversations in the workplace employee online course (www.fairwork.gov.au/tools-and- resources/online-learning-centre/difficult-conversa- tions-in-the-workplace-employee-course) Record My Hours app (www.fairwork.gov.au/tools- and-resources/record-my-hours-app) Related information Pay and wages (www.fairwork.gov.au/pay-and- wages) Award classifications (www.fairwork.gov.au/employment- conditions/awards/award-classifications) Employment contracts (www.fairwork.gov.au/employment- conditions/employment-contracts) Fixing a workplace problem (www.fairwork.gov.au/workplace-problems/fixing-a- workplace-problem-archived) The Fair Work Ombudsman acknowledges the Traditional Custodians of Country throughout Australia and their continuing connection to land, waters, skies and communities. We pay our respects to them, their Cultures, and Elders past and present. Thank you for your feedback. If you would like to tell us more about the information you’ve found today you can complete our feedback form (https://services.fairwork.gov.au/feedback/submit-a-feedback) . Please note that comments aren't monitored for personal information or workplace complaints. If you have a question or concern about your job, entitlements or obligations, please Contact us (www.fairwork.gov.au/about- us/contact-us) . account/BookmarkToMyAccount?System=web&Title=My%20pay%20doesn't%20seem%20right%20- %20Fair%20Work%20Ombudsman&SourceURL=https%3A%2F%2Fwww.fairwork.gov.au%2Fworkplace- problems%2Fcommon-workplace-problems%2Fmy-pay-doesnt-seem-right)",
T02Q01,can i start a part time job before my uni course actually starts,S08_005,"problems

My pay doesn't seem right (www.fairwork.gov.au/workplace- problems/common-workplace-problems/my-pay- doesnt-seem-right) I've been fired and I’m not sure what I’m entitled to (www.fairwork.gov.au/workplace- problems/common-workplace-problems/ive-lost- my-job-and-im-not-sure-what-im-entitled-to) Help with bullying in the workplace (www.fairwork.gov.au/workplace- problems/common-workplace-problems/help-with- bullying-in-the-workplace) I'm not getting pay slips (www.fairwork.gov.au/workplace- problems/common-workplace-problems/im-not- getting-pay-slips) I could be in a sham contracting arrangement (www.fairwork.gov.au/workplace- problems/common-workplace-problems/i-think-i- could-be-an-employee-not-a-contractor)",
T02Q01,can i start a part time job before my uni course actually starts,S15_004,"provider of your address

As per visa condition 8533 , you must inform your education provider of your residential address within seven (7) days of arriving in Australia. Find out more about accommodation in Australia.

### campus
You should visit your new campus before you start classes to get to know your best travel route and navigate the campus. Many education providers will have an Orientation Week (also known as ‘O-Week’), usually the week before classes start. It’s an excellent opportunity to make friends, meet staff members and get to know your campus. Your education provider should have O-Week details on their website where you can choose from different information sessions, campus tours and social events.",
T02Q01,can i start a part time job before my uni course actually starts,S09_007,"Tools and resources

An employee's guide to fixing workplace problems (www.fairwork.gov.au/sites/default/files/2025-04/fg- an-employees-guide-to-fixing-workplace- problems.docx)  An employee's guide to fixing workplace problems (www.fairwork.gov.au/sites/default/files/2025-04/fg- an-employees-guide-to-fixing-workplace- problems.pdf) Difficult conversations in the workplace - employee course (www.fairwork.gov.au/tools-and- resources/online-learning-centre/difficult-conversa- tions-in-the-workplace-employee-course) Record My Hours app (www.fairwork.gov.au/tools- and-resources/record-my-hours-app) Related information Pay slips (www.fairwork.gov.au/pay-and- wages/paying-wages/pay-slips) Record-keeping (www.fairwork.gov.au/pay-and- wages/paying-wages/record-keeping) Fixing a workplace problem (www.fairwork.gov.au/workplace-problems/fixing-a- workplace-problem-archived) Infringement notices (www.fairwork.gov.au/about- us/compliance-and-enforcement/infringement- notices) The Fair Work Ombudsman acknowledges the Traditional Custodians of Country throughout Australia and their continuing connection to land, waters, skies and communities. We pay our respects to them, their Cultures, and Elders past and present. Thank you for your feedback. If you would like to tell us more about the information you’ve found today you can complete our feedback form (https://services.fairwork.gov.au/feedback/submit-a-feedback) . Please note that comments aren't monitored for personal information or workplace complaints. If you have a question or concern about your job, entitlements or obligations, please Contact us (www.fairwork.gov.au/about- us/contact-us) . account/BookmarkToMyAccount?System=web&Title=I'm%20not%20getting%20pay%20slips%20- %20Fair%20Work%20Ombudsman&SourceURL=https%3A%2F%2Fwww.fairwork.gov.au%2Fworkplace- problems%2Fcommon-workplace-problems%2Fim-not-getting-pay-slips)",
T02Q01,can i start a part time job before my uni course actually starts,S03_008,"8203 - Limited study change (#)

You must not undertake or change your course of study, thesis or research topic without the approval of the Minister, for a: graduate certificate graduate diploma master's degree doctorate, or any bridging course required as a prerequisite to a course of study or research for a master's degree or doctorate This approval can only be given after the Minister has obtained an assessment from the competent Australian authorities that you are not likely to be directly or indirectly a risk to Australian national security. If you are considering changing your thesis, major or research topic you must complete Form 1221 - Additional personal particulars information (PDF)​ (/form-listing/forms/1221.pdf) and submit a 8203/8204 Change of Study Assessment Request (/change-in-situation/study-situation/study-assessment)​. See the Regulation (https://www.legislation.gov.au/F1996B03551/latest/versions) If your visa is subject to condition 8208 and you started your course after 1 April 2024, you must not start critical technology related studies without the approval of the Minister of Home Affairs. If you do not comply with this condition, we may cancel your visa. We have specified the technologies that we consider critical technology for condition 8208 and related purposes in Migration (Critical Technology – Kinds of Technology) Specification (LIN24/010) 2024 (https://www.legislation.gov.au/F2024L00182). Critical technology related study includes a: postgraduate research course that relates to critical technology – leading to either a Masters degree (research) or doctoral degree thesis or research topic that relates to critical technology (in a course at Masters degree (research) or doctoral degree level) bridging course that is a prerequisite to a postgraduate research course that relates to critical technology. Visa holders do not need approval to start a Masters by coursework. To request approval to start a critical technology-related course in the postgraduate research sector: 1. Login to ImmiAccount (https://online.immi.gov.au/lusc/login). 2. Go to the ‘update details’ section. 3. Click on the link for ‘Change of course approval request’. 4. Complete the ‘Condition 8208 – Change of course approval request form’and provide any evidence we request.",
T02Q01,can i start a part time job before my uni course actually starts,S03_006,"Gap between courses

Generally course gaps should not be more 2 months. A course gap can be more than 2 months if: it is the end of the academic year study break you are affected by education provider default (https://immi.homeaffairs.gov.au/visas/getting-a-visa/visa-listing/student- 500/education-provider-default) you have completed your course and you are applying for a new visa",
T02Q01,can i start a part time job before my uni course actually starts,S17_001,"From 1 July 2023, student visa holders will be restricted to 48 hours of work a fortnight

From 1 July 2023, student visa holders can work no more than 48 hours a fortnight while studying. Student visa holders have no work restrictions when their course of study or training is not in session. This ensures that student visa holders are able to focus on obtaining a quality Australian education and qualification, while remaining able to gain valuable work experience, and contribute to Australia’s workforce needs. Student visa work restrictions were relaxed throughout the pandemic, and completely removed in January 2022. This allowed student visa holders to work over their normal limit of 40 hours per fortnight to address workforce shortages. This ended on 30 June 2023. The Australian Government has announced that student visa holders already working in the aged care sector on 9 May 2023 can continue to work unrestricted hours in the aged care sector until 31 December 2023. For more information see our media release Addressing skills shortages in key industries and rebuilding the international education sector.",
T02Q01,can i start a part time job before my uni course actually starts,S03_002,"Immigration and citizenship

Ask a question Student visa holders can work unlimited hours when their course is not in session. Their family members still have limited work rights. Make sure to check your visa conditions regularly, including your work rights. To check your visa details, go to VEVO (/visas/already-have-a-visa/check-visa-details-and-conditions/overview). Employers seeking to hire the family member of a primary Student visa holder should get evidence of the following: the relationship, such as a visa grant letter, marriage or birth certificate that the primary Student visa holder has commenced their course, such as a Confirmation of Enrolment or a letter from the relevant education provider. Employers who have hired a family member with this visa condition should ensure they are not working more hours than the employee’s visa allows. Understanding your work rights The department is working with the Fair Work Ombudsman to help employees and employers understand and follow Australian Workplace laws. Information on pay rates, shift calculations, leave arrangements and notice and redundancy entitlements is in the Pay and Conditions Tool (PACT) (http://calculate.fairwork.gov.au/Home/Help). For more information on workplace rights and entitlements for visa holders and migrant workers visit The Fair Work Ombudsman (https://www.fairwork.gov.au/how-we-will-help/templates-and-guides/fact-sheets/rights-and- obligations/visa-holders-and-migrant-workers-workplace-rights-and-entitlements) For the full list of conditions relevant to your visa, see the Federal Register of Legislation (https://www.legislation.gov.au/). This condition means you cannot work in Australia before your course starts unless at the time of applying for this visa, you held another visa that permitted you to work in Australia. You also cannot work more than 48 hours a fortnight when your course of study or training is in session. A course of study is in session: for the duration of the school semesters (including when exams are being held) you take another course that will count towards your main course during a term break. If you can work over 48 hours a fortnight You can only work over 48 hours a fortnight if: you hold a Student visa granted in relation to a masters degree by research or doctorate degree and your masters degree by research or doctorate degree has started​ it is a registered part of your course that is mandatory, that was specified as a requirement of the course when the course particulars were entered into the Commonwealth Register of Institutions and Courses for Overseas Students",
T02Q01,can i start a part time job before my uni course actually starts,S15_006,"Work while you study

Working while you study is a great way to gain experience, build networks and enjoy the local culture. LIFE IN AUSTRALIA Quick links Why Australia Visa and travel advice Living costs Australian study locations Agent Hub Darwin: NT Department of Transport Hobart: Metro Tasmania Other cities and regions: If your area isn’t included on one of the above networks, search online for public transport options in your city or town. Most of these sites also have helpful apps you can download to your phone. As a student, you may be eligible to receive a discount on public transport. It will depend on which state you are living in and what type of course you are studying. You can find out more information from your education provider.",
T02Q01,can i start a part time job before my uni course actually starts,S15_001,"and settle into your new life in Australia

as an international student.

### Student Identifier
If you plan to study at a university in Australia, attend TAFE or do any other nationally recognised training , you will need a Unique Student Identifier (USI). With a USI, you can get your qualification or statement of attainment. You can only create a USI after you have arrived in Australia and cleared customs using your non-Australian passport and Australian visa as forms of ID. Once you have both documents, you can create your USI online by following the step-by-step instructions on the website. You should obtain your USI as soon as possible after arriving in Australia so that you can provide it to your education or training provider. For more information, visit usi.gov.au.",
T02Q01,can i start a part time job before my uni course actually starts,S03_003,"8105 - Work limitation (#)

A course is not in session: during scheduled course breaks if your course was deferred or suspended in line with Standard 9 of the National Code of Practice for Providers of Education and Training to Overseas Students​ (https://internationaleducation.gov.au/Regulatory- Information/Pages/National-Code-2018-Factsheets-.aspx) ​ if you hold a valid visa and have completed your course as listed on your confirmation of enrolment if your enrolment has been cancelled due to the default of your education provider and until you get a new enrolment and start the course. A fortnight is a period of 14 days starting on a Monday. An example of a Student visas holder’s 48 hours a fortnight working limit is: week 1: 15 hours work week 2: 30 hours work week 3: 30 hours work week 4: 10 hours work. The student may not have breached their work conditions in the fortnight comprising the 14 days of weeks 1 and 2 (45 hours worked) or in the fortnight comprising the 14 days of weeks 3 and 4 (40 hours). However, if in session the student will be in breach of their work conditions, in the fortnight comprising the 14 days of weeks 2 and 3 (60 hours worked). For example: a student is studying a commercial cookery course on a subclass 500 visa and is offered work experience during school holidays. The Student works 75 hours a fortnight and is allowed to work unlimited hours while the course is not in session. The Student visa holder did not break their work condition. Work experience is included in a student’s work restriction of 48 hours a fortnight whether it is paid or unpaid. The exception to this is if a work experience unit forms a mandatory component of a student’s course and is included in the CRICOS registration of that course. In this circumstance, the work experience will not be included in the student’s work restriction of 48 hours a fortnight. Any work experience/work placement that is not a mandatory course requirement, or that is in excess of the period required in the course registration, is included in a student’s work limitation of 48 hours a fortnight. For example: a pharmacy student undertaking a mandatory 4 week block of on the job training has unlimited work rights for the purpose and duration of the work placement, as documented in the registered course structure. Examples of definition of work: You do a shift at a restaurant as part of a roster, but not during your rostered unpaid meal break. You are a taxi driver who has signed in and is ready to receive passengers, until you sign out for a break or your shift ends. As a Student visa holder, you are considered to have worked if you have: attended a place of work for a period by a roster or timesheet (but not during unpaid breaks) been ‘clocked on’ to an electronic system that records work activity received remuneration for work, as indicated in a payslip you have been given (unless you give documentary evidence that you were not working during this time). You can work more than one job as long as the total hours are not more than 48 hours in a fortnight. If you are an employer seeking to hire a Student visa holder, you should request evidence that they commenced their course. This evidence can be a confirmation of enrolment or a letter from the education provider. Employers who have hired a Student visa holder should ensure that the student/employee is not working more hours than the employee’s visa allows. Understanding your work rights The Department is working with the Fair Work Ombudsman to help employees and employers understand and follow Australian Workplace laws. Information on pay rates, shift calculations, leave arrangements and notice and redundancy entitlements is in the Pay and Conditions Tool (PACT) (http://calculate.fairwork.gov.au/Home/Help). The Fair Work Ombudsman website has more information on workplace rights and entitlements for visa holders and migrant workers (https://www.fairwork.gov.au/how-we-will-help/templates-and-guides/fact-sheets/rights-and- obligations/visa-holders-and-migrant-workers-workplace-rights-and-entitlements). For the full list of conditions relevant to your visa, see the Federal Register of Legislation (https://www.legislation.gov.au/). While in Australia, you must not engage, for more than 3 months, in any studies or training. See the Regulations (https://www.legislation.gov.au/F1996B03551/latest/versions)",
T03Q01,is it still true that students have no limit on work hours like during covid,S03_001,"The following condition(s) might be attached to this visa:

This condition means you cannot work more than 40 hours a fortnight, unless you are a family member of a Student visa holder. Family members of a Student visa holder Family members of a Student visa holder cannot work before the student’s course starts. That is unless the Student visa holder or their family member held another visa that allowed them to work in Australia. Working while the course is in session: Family members can work up to 48 hours a fortnight while the course is in session. If the student is studying a Master’s Degree by Research or Doctoral Degree, they and their family members can work more than 48 hours a fortnight. If the student is studying a Master’s Degree by Coursework, or a Master’s Degree (Extended), their family members can also work more than 48 hours a fortnight. However, the student can still only work up to 48 hours a fortnight while their course is in session. A fortnight is a period of 14 days starting on a Monday. Working when the course is not in session: Select a visa below... Student visa (subclass 500) Not sure which visa you have? Check your conditions (VEVO) or have a look at the visa grant letter you received.",
T03Q01,is it still true that students have no limit on work hours like during covid,S03_006,"Gap between courses

Generally course gaps should not be more 2 months. A course gap can be more than 2 months if: it is the end of the academic year study break you are affected by education provider default (https://immi.homeaffairs.gov.au/visas/getting-a-visa/visa-listing/student- 500/education-provider-default) you have completed your course and you are applying for a new visa",
T03Q01,is it still true that students have no limit on work hours like during covid,S01_003,"Processing your application

Your application will be processed faster if we can identify you from the information you provide, such as your tax file number. If you don't have all the information now, you can still start your application and save it as you go, but the issuing of your ABN is likely to be delayed.",
T03Q01,is it still true that students have no limit on work hours like during covid,S03_002,"Immigration and citizenship

Ask a question Student visa holders can work unlimited hours when their course is not in session. Their family members still have limited work rights. Make sure to check your visa conditions regularly, including your work rights. To check your visa details, go to VEVO (/visas/already-have-a-visa/check-visa-details-and-conditions/overview). Employers seeking to hire the family member of a primary Student visa holder should get evidence of the following: the relationship, such as a visa grant letter, marriage or birth certificate that the primary Student visa holder has commenced their course, such as a Confirmation of Enrolment or a letter from the relevant education provider. Employers who have hired a family member with this visa condition should ensure they are not working more hours than the employee’s visa allows. Understanding your work rights The department is working with the Fair Work Ombudsman to help employees and employers understand and follow Australian Workplace laws. Information on pay rates, shift calculations, leave arrangements and notice and redundancy entitlements is in the Pay and Conditions Tool (PACT) (http://calculate.fairwork.gov.au/Home/Help). For more information on workplace rights and entitlements for visa holders and migrant workers visit The Fair Work Ombudsman (https://www.fairwork.gov.au/how-we-will-help/templates-and-guides/fact-sheets/rights-and- obligations/visa-holders-and-migrant-workers-workplace-rights-and-entitlements) For the full list of conditions relevant to your visa, see the Federal Register of Legislation (https://www.legislation.gov.au/). This condition means you cannot work in Australia before your course starts unless at the time of applying for this visa, you held another visa that permitted you to work in Australia. You also cannot work more than 48 hours a fortnight when your course of study or training is in session. A course of study is in session: for the duration of the school semesters (including when exams are being held) you take another course that will count towards your main course during a term break. If you can work over 48 hours a fortnight You can only work over 48 hours a fortnight if: you hold a Student visa granted in relation to a masters degree by research or doctorate degree and your masters degree by research or doctorate degree has started​ it is a registered part of your course that is mandatory, that was specified as a requirement of the course when the course particulars were entered into the Commonwealth Register of Institutions and Courses for Overseas Students",
T03Q01,is it still true that students have no limit on work hours like during covid,S03_003,"8105 - Work limitation (#)

A course is not in session: during scheduled course breaks if your course was deferred or suspended in line with Standard 9 of the National Code of Practice for Providers of Education and Training to Overseas Students​ (https://internationaleducation.gov.au/Regulatory- Information/Pages/National-Code-2018-Factsheets-.aspx) ​ if you hold a valid visa and have completed your course as listed on your confirmation of enrolment if your enrolment has been cancelled due to the default of your education provider and until you get a new enrolment and start the course. A fortnight is a period of 14 days starting on a Monday. An example of a Student visas holder’s 48 hours a fortnight working limit is: week 1: 15 hours work week 2: 30 hours work week 3: 30 hours work week 4: 10 hours work. The student may not have breached their work conditions in the fortnight comprising the 14 days of weeks 1 and 2 (45 hours worked) or in the fortnight comprising the 14 days of weeks 3 and 4 (40 hours). However, if in session the student will be in breach of their work conditions, in the fortnight comprising the 14 days of weeks 2 and 3 (60 hours worked). For example: a student is studying a commercial cookery course on a subclass 500 visa and is offered work experience during school holidays. The Student works 75 hours a fortnight and is allowed to work unlimited hours while the course is not in session. The Student visa holder did not break their work condition. Work experience is included in a student’s work restriction of 48 hours a fortnight whether it is paid or unpaid. The exception to this is if a work experience unit forms a mandatory component of a student’s course and is included in the CRICOS registration of that course. In this circumstance, the work experience will not be included in the student’s work restriction of 48 hours a fortnight. Any work experience/work placement that is not a mandatory course requirement, or that is in excess of the period required in the course registration, is included in a student’s work limitation of 48 hours a fortnight. For example: a pharmacy student undertaking a mandatory 4 week block of on the job training has unlimited work rights for the purpose and duration of the work placement, as documented in the registered course structure. Examples of definition of work: You do a shift at a restaurant as part of a roster, but not during your rostered unpaid meal break. You are a taxi driver who has signed in and is ready to receive passengers, until you sign out for a break or your shift ends. As a Student visa holder, you are considered to have worked if you have: attended a place of work for a period by a roster or timesheet (but not during unpaid breaks) been ‘clocked on’ to an electronic system that records work activity received remuneration for work, as indicated in a payslip you have been given (unless you give documentary evidence that you were not working during this time). You can work more than one job as long as the total hours are not more than 48 hours in a fortnight. If you are an employer seeking to hire a Student visa holder, you should request evidence that they commenced their course. This evidence can be a confirmation of enrolment or a letter from the education provider. Employers who have hired a Student visa holder should ensure that the student/employee is not working more hours than the employee’s visa allows. Understanding your work rights The Department is working with the Fair Work Ombudsman to help employees and employers understand and follow Australian Workplace laws. Information on pay rates, shift calculations, leave arrangements and notice and redundancy entitlements is in the Pay and Conditions Tool (PACT) (http://calculate.fairwork.gov.au/Home/Help). The Fair Work Ombudsman website has more information on workplace rights and entitlements for visa holders and migrant workers (https://www.fairwork.gov.au/how-we-will-help/templates-and-guides/fact-sheets/rights-and- obligations/visa-holders-and-migrant-workers-workplace-rights-and-entitlements). For the full list of conditions relevant to your visa, see the Federal Register of Legislation (https://www.legislation.gov.au/). While in Australia, you must not engage, for more than 3 months, in any studies or training. See the Regulations (https://www.legislation.gov.au/F1996B03551/latest/versions)",
T03Q01,is it still true that students have no limit on work hours like during covid,S17_002,"Information for students

Students must know their visa conditions, including work rights. Your work rights may be impacted by your course level and the visa you held when you applied for your student visa. To see the work conditions of your visa, check 
   VEVO. You must continue to balance your study and work commitments. Students must still: maintain their course enrolment ensure satisfactory course attendance ensure satisfactory course progress. Student visa holders who cancel their enrolment, stop attending classes or fail to meet satisfactory course progress may be in breach of their visa conditions.",
T03Q01,is it still true that students have no limit on work hours like during covid,S17_003,"Information for employers

Employers must continue to follow Australian workplace law. Overseas workers, including international students, have the same rights under Australian workplace law as all other employees. While these measures are in place, the Department of Home Affairs and Australian Border Force will: not cancel the visas of students who work more than 48 hours a fortnight in the aged sector, under s116(1)(b) of the Migration Act 1958 not refer student visa holders working in the aged care sector for investigation of any potential offence under s235 of the Migration Act 1958. (This might relate to the hours worked by a student visa holder in breach of their visa conditions) not refer a student working in the aged care sector or relevant third-party labour hire companies, as an employer, for investigation of any potential offence under s245AC of the Migration Act 1958. (This might relate to allowing a student visa holder to work in breach of their visa conditions).",
T03Q01,is it still true that students have no limit on work hours like during covid,S04_001,"Visa Conditions

Showing 5 out of 5 items that match your criteria Reset search (#) sorted by Condition Number 8104 - Work limitation 8105 - Work limitation 8202 - Meet course requirements 8208 - No study change related to critical technology without approval 8538 - Not leave Australia without the student without our approval",
T03Q01,is it still true that students have no limit on work hours like during covid,S06_002,"What is the Fair Work system

The Fair Work systemA national workplace relations system introduced by the Fair Work Act 2009 that provides for the minimum employment standards and regulates on a range of employment and industrial matters. (www.fairwork.gov.au/taxonomy/term/472) was created by the Fair Work Act 2009 and started on 1 July 2009. The Fair Work system is the name used for the minimum employment laws and agency bodies that were created by the Fair Work Act 2009. It's the na- tional workplace relations systemThe national work- place relations system is a collection of legislation that applies to most employees and employers in Australia. It includes the Fair Work Act 2009, the National Employment Standards, registered agree- ments and awards. (www.fairwork.gov.au/taxonomy/term/406) . For a brief outline of Australia's workplace relations law, visit the Australia's industrial relations timeline (www.fairwork.gov.au/about-us/workplace-laws/fair- work-system/australias-industrial-relations-timeline) page.",
T03Q01,is it still true that students have no limit on work hours like during covid,S03_014,"8535 - No further stay (#)

Last updated: 1 July 2025 a Student (Temporary) (Class TU) visa we grant you because you have support from the Commonwealth or a foreign government, or a protection visa For the full list of conditions relevant to your visa, visit the Federal Register of Legislation (https://www.legislation.gov.au/).",
T03Q01,is it still true that students have no limit on work hours like during covid,S17_001,"From 1 July 2023, student visa holders will be restricted to 48 hours of work a fortnight

From 1 July 2023, student visa holders can work no more than 48 hours a fortnight while studying. Student visa holders have no work restrictions when their course of study or training is not in session. This ensures that student visa holders are able to focus on obtaining a quality Australian education and qualification, while remaining able to gain valuable work experience, and contribute to Australia’s workforce needs. Student visa work restrictions were relaxed throughout the pandemic, and completely removed in January 2022. This allowed student visa holders to work over their normal limit of 40 hours per fortnight to address workforce shortages. This ended on 30 June 2023. The Australian Government has announced that student visa holders already working in the aged care sector on 9 May 2023 can continue to work unrestricted hours in the aged care sector until 31 December 2023. For more information see our media release Addressing skills shortages in key industries and rebuilding the international education sector.",
T03Q01,is it still true that students have no limit on work hours like during covid,S06_003,"system

The key features of the Fair Work system are: the minimum National Employment Standards (www.fairwork.gov.au/employment- conditions/national-employment-standards) awards (www.fairwork.gov.au/node/327) that apply nationally for specific industries and occupations the National Minimum WageA pay rate that applies to employees not covered by an award or regis- tered agreement. Certain award or agreement free employees may have different pay entitlements depending on whether they have a reduced work capacity because of disability, if they're under the age of 21 or if they are an apprentice or trainee. (www.fairwork.gov.au/taxonomy/term/404) protection from unfair dismissal (www.fairwork.gov.au/ending-employment/help- with-termination/unfair-dismissal) . The National Employment Standards, awards and the National Minimum Wage make up a safety net of entitlements for employeesA person that’s hired to perform work for a company either on a full-time, part- time or casual basis in exchange for payment. Other known terms: staff and worker. (www.fairwork.gov.au/taxonomy/term/516) covered by the Fair Work system. Other workplace participants in the Fair Work system (such as regulated workersA person who is an employee-like worker or a regulated road transport contractor. (www.fairwork.gov.au/taxonomy/term/795) ) have different rights and entitlements. There are several key bodies that have roles in the Fair Work system: Fair Work Ombudsman (us) Fair Work Commission (https://www.fwc.gov.au/) Fair Work Division of the Federal Court (https://www.fedcourt.gov.au/) and the Federal Circuit and Family Court (https://www.fcfcoa.gov.au/) .",
T03Q01,is it still true that students have no limit on work hours like during covid,S03_004,"Additional information

In certain circumstances, this restriction does not apply to: subclass 590 (Student Guardian) visas subclass 602 (Medical Treatment) visas subclass 675 (Medical Treatment (Short Stay)) visas subclass 685 (Medical Treatment (Long Stay)) visas

### Subclass 590 visa holders
You can study up to 20 hours a week on an English Language Intensive Course for Overseas Students (ELICOS).",
T10Q01,what do i need to sign up for medicare online,S05_011,"When you’ll get a Medicare card

You’ll get a Medicare card number after you enrol in Medicare. Learn more about how to get your Medicare card . If you’re an Australian permanent resident To enrol as an Australian resident you need to have a permanent resident visa or have applied for one. If you’re a New Zealand citizen To enrol in Medicare you need to prove you live in Australia. If you’re an Australian citizen To enrol as an Australian citizen in Medicare you need to prove your identity and residency. If you’re a temporary resident covered by a Ministerial Order To access Medicare when you’re in Australia, you must meet certain criteria. not include all of the relevant information on this topic. Please consider any relevant site notices at https://www.servicesaustralia.gov.au/site-notices when using this material. [1] https://www.servicesaustralia.gov.au/enrolling-medicare-if-youre-australian-citizen?context=60092 [2] https://www.servicesaustralia.gov.au/enrolling-medicare-if-youre-new-zealand-citizen?",
T10Q01,what do i need to sign up for medicare online,S05_012,"context=60092

[3] https://www.servicesaustralia.gov.au/enrolling-medicare-if-youre-australian-permanent-resident?

### context=60092
[4] https://www.servicesaustralia.gov.au/enrolling-medicare-if-youre-australian-permanent-resident?

### context=60092#appliedpermanentresidency
[5] https://www.servicesaustralia.gov.au/enrolling-medicare-if-youre-temporary-resident-covered-

### ministerial-order?context=60092
[6] https://www.servicesaustralia.gov.au/when-reciprocal-health-care-agreements-apply-and-you-visit-

### australia
[7] https://www.servicesaustralia.gov.au/documents-to-enrol-medicare-if-youre-new-zealand-citizen?

### context=60092
[8] https://www.servicesaustralia.gov.au/documents-to-enrol-medicare-if-youre-permanent-resident?

### context=60092
[9] https://www.servicesaustralia.gov.au/documents-to-enrol-medicare-if-youve-applied-for-permanent-

### residency?context=60092
[10] https://www.servicesaustralia.gov.au/how-you-enrol-your-baby-medicare-if-your-child-adopted?

### [17] https://my.gov.au/en/about/help/mygov-app
[18] https://www.servicesaustralia.gov.au/how-to-access-your-digital-medicare-card?context=60092 [19] https://www.servicesaustralia.gov.au/have-your-own-medicare-card-and-number-if-youre-15-or-

### older-and-enrolled-medicare?context=60092
[20] https://www.servicesaustralia.gov.au/enrolling-your-baby-medicare?context=60092 [21] https://www.servicesaustralia.gov.au/how-to-enrol-your-baby-medicare-if-they-were-born-overseas?

### context=60092
[22] https://www.servicesaustralia.gov.au/how-to-prove-your-identity-with-centrelink

### [24] https://findus.servicesaustralia.gov.au/
[25] https://www.servicesaustralia.gov.au/about-reciprocal-health-care-agreements",
T10Q01,what do i need to sign up for medicare online,S05_001,"Enrolling in Medicare - Medicare - Services Australia

keyboard_arrow_rightHealth and disabilitykeyboard_arrow_rightMedicarekeyboard_arrow_rightHow to enrol

### Enrolling in Medicare
Find out how to enrol in Medicare. on this page Who can enrol What you need to enrol How to enrol Extending Medicare eligibility When you’ll get a Medicare card",
T10Q01,what do i need to sign up for medicare online,S05_002,"Who can enrol

You can enrol in Medicare if you live in Australia and you’re any of these: an Australian citizen a New Zealand citizen an Australian permanent resident applying for permanent residency a temporary resident covered by a ministerial order . You can also enrol if you’re a citizen or permanent resident of any of these: Norfolk Island Cocos (Keeling) Islands Christmas Island Lord Howe Island. You may be able to enrol if you’re visiting from a Reciprocal Health Care Agreement country. You need to be in Australia to enrol in Medicare. If you’re outside Australia when we process your enrolment application, you’ll need to reapply when you return to live in Australia.",
T10Q01,what do i need to sign up for medicare online,S16_001,"Get started with myki

Your ticket to travel on trains, trams and buses in Melbourne and most of regional Victoria. Buy a myki Top up online Download the PTV App

### Physical myki
Buy a physical myki and top up to travel if you don't want to use a bank card. Card cost: $6 full fare | $3 concession | $5 youth. You'll need to top up separately before you can travel.",
T10Q01,what do i need to sign up for medicare online,S10_001,"My pay doesn't seem right

You can follow some simple steps to check your pay and resolve most pay problems. On this page: Know what you’re getting Check what you should be paid Talk to your employer Follow up after the discussion If you need more support Tools and resources Related information",
T10Q01,what do i need to sign up for medicare online,S05_004,"How to enrol

You can enrol in Medicare either: online through myGov by completing a Medicare enrolment form.

### Enrolling online
You can enrol online in Medicare as either an individual or a family through myGov and track the progress. To enrol online you and your family members need to: live in Australia have a current passport or ImmiCard have valid visa details from the Department of Home Affairs if you’re not an Australian citizen. If you want to enrol as a family, we need details and identity documents for any children under 15. If you want to include someone 15 or older, you need to give that person your application number. They need the number to give us their details and identity documents through their own myGov account to complete their enrolment. If you have a myGov account sign in and enrol in Medicare. If you don’t have a myGov account you need to create one .",
T10Q01,what do i need to sign up for medicare online,S16_002,"Android

Set up myki in your Google Wallet on your Android phone. You never need to buy a physical myki card. Just tap your phone to pay for your trip. Free to set up. Feedback

### How to use myki
Top up your myki Money using a range of physical and online options, from the PTV",
T10Q01,what do i need to sign up for medicare online,S05_007,"Enrolling when you’re on your parent’s Medicare card

If you’re on your parent’s Medicare card, you’re already enrolled. This means you don’t need to re-enrol. When you’re 15, you can get your own Medicare card. Find out how to get your own card when you’re 15 .",
T10Q01,what do i need to sign up for medicare online,S05_009,"Enrolling when you’re Indigenous

If you’re Indigenous and have standard identity documents , mail or email them with your Medicare enrolment form to Medicare Enrolment Services . You can also enrol online through myGov. If you don’t have standard identity documents, you can use a referee instead. You and your referee need to fill in the Aboriginal and Torres Strait Islander Medicare enrolment and amendment form . The form says who can be a referee. You can mail, email or take your form to your local agent or access point or service centre . You can also call the Indigenous Access Line if you need help with the form.",
T10Q01,what do i need to sign up for medicare online,S05_008,"Enrolling your newborn baby

You can enrol your newborn baby by using the Newborn Child Declaration. You’ll get the declaration from the hospital. Find out how to enrol your baby . If you’ve adopted a child or your child was born overseas, you’ll need to give us extra documents. Learn more about what to do: if you adopt a child if your child was born overseas .",
T10Q01,what do i need to sign up for medicare online,S05_005,"Sign in to myGov

If your application is approved, we’ll contact you with your next steps. We’ll also send you your Medicare card in the mail to the address you gave us.

### Extending Medicare eligibility
Your Medicare eligibility may be extended online, depending on you and your family’s circumstances. If you’re able to extend online, you’ll get a reminder through myGov. You need to sign in to your myGov account to provide details and identity documents to complete the extension.",
T10Q01,what do i need to sign up for medicare online,S07_001,"How your Medicare card and account work - Medicare - Services Australia

keyboard_arrow_rightHealth and disabilitykeyboard_arrow_rightMedicarekeyboard_arrow_rightHow to claim

### How to use your card, update your details, manage your
Medicare online and record your organ donation decision. Your Medicare card How to get, use and replace your Medicare card. Update your personal details for Medicare If your details change, you need to let us know as soon as you can. This can include your name, address and bank details. Acting arrangements for Medicare You can act for someone or ask someone to act for you with Medicare. Organ and tissue donation Give the gift of life and register your decision to donate your organs or tissue after you die. and-account-work. It may not include all of the relevant information on this topic. Please consider any relevant site notices at https://www.servicesaustralia.gov.au/site-notices when using this material.

### [1] https://www.servicesaustralia.gov.au/your-medicare-card?context=60092
[2] https://www.servicesaustralia.gov.au/how-you-update-your-name-date-birth-or-gender-for-

### medicare?context=60092
[3] https://www.servicesaustralia.gov.au/acting-arrangements-for-medicare?context=60092 [4] https://www.servicesaustralia.gov.au/organ-and-tissue-donation?context=60092",
T10Q01,what do i need to sign up for medicare online,S05_006,"Enrolling with a form

If you can’t enrol or extend online, complete a Medicare enrolment form . You can mail or email it with your supporting documents to Medicare Enrolment Services . If you email us, include ‘Medicare enrolment’ in the email subject line. Make sure your documents are: in PDF, JPG, PNG, GIF or BMP format not password protected, or in a WinZip or RAR file no larger than 5MB for each document no larger than 10MB in total for all the documents. If you’re enrolling as a family, you’ll need to nominate a contact person for the family Medicare card. We’ll send Medicare cards and other general information for everyone listed on the card to the contact person. If you’re the only person listed on the Medicare card, you’ll be the contact person for the card. You can also get a digital copy of your Medicare card through the myGov app . Find out how to get a digital card .",
T12Q01,"im from a country that has a health agreement with australia, can i get medicare and will i still have to pay the doctor",S15_001,"and settle into your new life in Australia

as an international student.

### Student Identifier
If you plan to study at a university in Australia, attend TAFE or do any other nationally recognised training , you will need a Unique Student Identifier (USI). With a USI, you can get your qualification or statement of attainment. You can only create a USI after you have arrived in Australia and cleared customs using your non-Australian passport and Australian visa as forms of ID. Once you have both documents, you can create your USI online by following the step-by-step instructions on the website. You should obtain your USI as soon as possible after arriving in Australia so that you can provide it to your education or training provider. For more information, visit usi.gov.au.",
T12Q01,"im from a country that has a health agreement with australia, can i get medicare and will i still have to pay the doctor",S02_002,"What bulk billing is

Bulk billing means you don’t have to pay for your medical service from a health professional. They bill us instead and they accept the Medicare benefit as full payment for the service. You may be asked to assign this benefit to them in different ways, such as: signing digitally or by a paper form pressing OK on the EFTPOS terminal after your appointment. If you have more than one service in a visit, you may not be bulk billed for everything. Not all health professionals bulk bill. You should check if yours does when you make an appointment. To find a health professional who bulk bills, use the find a health service tool on the healthdirect website. You’ll need to pay for your appointment if your health professional doesn’t bulk bill. You may be able to claim some of this money back from us. You can be bulk billed for a medical service if both: you’re enrolled in Medicare your health professional chooses to bulk bill. It’s easiest if you bring your Medicare card or number with you when you go to the doctor. Read how to replace a lost, stolen, or damaged Medicare card .",
T12Q01,"im from a country that has a health agreement with australia, can i get medicare and will i still have to pay the doctor",S05_012,"context=60092

[3] https://www.servicesaustralia.gov.au/enrolling-medicare-if-youre-australian-permanent-resident?

### context=60092
[4] https://www.servicesaustralia.gov.au/enrolling-medicare-if-youre-australian-permanent-resident?

### context=60092#appliedpermanentresidency
[5] https://www.servicesaustralia.gov.au/enrolling-medicare-if-youre-temporary-resident-covered-

### ministerial-order?context=60092
[6] https://www.servicesaustralia.gov.au/when-reciprocal-health-care-agreements-apply-and-you-visit-

### australia
[7] https://www.servicesaustralia.gov.au/documents-to-enrol-medicare-if-youre-new-zealand-citizen?

### context=60092
[8] https://www.servicesaustralia.gov.au/documents-to-enrol-medicare-if-youre-permanent-resident?

### context=60092
[9] https://www.servicesaustralia.gov.au/documents-to-enrol-medicare-if-youve-applied-for-permanent-

### residency?context=60092
[10] https://www.servicesaustralia.gov.au/how-you-enrol-your-baby-medicare-if-your-child-adopted?

### [17] https://my.gov.au/en/about/help/mygov-app
[18] https://www.servicesaustralia.gov.au/how-to-access-your-digital-medicare-card?context=60092 [19] https://www.servicesaustralia.gov.au/have-your-own-medicare-card-and-number-if-youre-15-or-

### older-and-enrolled-medicare?context=60092
[20] https://www.servicesaustralia.gov.au/enrolling-your-baby-medicare?context=60092 [21] https://www.servicesaustralia.gov.au/how-to-enrol-your-baby-medicare-if-they-were-born-overseas?

### context=60092
[22] https://www.servicesaustralia.gov.au/how-to-prove-your-identity-with-centrelink

### [24] https://findus.servicesaustralia.gov.au/
[25] https://www.servicesaustralia.gov.au/about-reciprocal-health-care-agreements",
T12Q01,"im from a country that has a health agreement with australia, can i get medicare and will i still have to pay the doctor",S03_002,"Immigration and citizenship

Ask a question Student visa holders can work unlimited hours when their course is not in session. Their family members still have limited work rights. Make sure to check your visa conditions regularly, including your work rights. To check your visa details, go to VEVO (/visas/already-have-a-visa/check-visa-details-and-conditions/overview). Employers seeking to hire the family member of a primary Student visa holder should get evidence of the following: the relationship, such as a visa grant letter, marriage or birth certificate that the primary Student visa holder has commenced their course, such as a Confirmation of Enrolment or a letter from the relevant education provider. Employers who have hired a family member with this visa condition should ensure they are not working more hours than the employee’s visa allows. Understanding your work rights The department is working with the Fair Work Ombudsman to help employees and employers understand and follow Australian Workplace laws. Information on pay rates, shift calculations, leave arrangements and notice and redundancy entitlements is in the Pay and Conditions Tool (PACT) (http://calculate.fairwork.gov.au/Home/Help). For more information on workplace rights and entitlements for visa holders and migrant workers visit The Fair Work Ombudsman (https://www.fairwork.gov.au/how-we-will-help/templates-and-guides/fact-sheets/rights-and- obligations/visa-holders-and-migrant-workers-workplace-rights-and-entitlements) For the full list of conditions relevant to your visa, see the Federal Register of Legislation (https://www.legislation.gov.au/). This condition means you cannot work in Australia before your course starts unless at the time of applying for this visa, you held another visa that permitted you to work in Australia. You also cannot work more than 48 hours a fortnight when your course of study or training is in session. A course of study is in session: for the duration of the school semesters (including when exams are being held) you take another course that will count towards your main course during a term break. If you can work over 48 hours a fortnight You can only work over 48 hours a fortnight if: you hold a Student visa granted in relation to a masters degree by research or doctorate degree and your masters degree by research or doctorate degree has started​ it is a registered part of your course that is mandatory, that was specified as a requirement of the course when the course particulars were entered into the Commonwealth Register of Institutions and Courses for Overseas Students",
T12Q01,"im from a country that has a health agreement with australia, can i get medicare and will i still have to pay the doctor",S09_004,"Example: Not getting pay slips

Mark has been employed as an apprentice butcher for 3 months and hasn’t received any pay slips from his employer. He’s mentioned this to his employer on several occasions. His employer tells him he’ll start getting pay slips from the following pay, but this doesn’t happen. Mark writes a letter to his employer explaining that he has looked at the information on fairwork.gov.au and tells his employer that they’re obliged to provide Mark with a pay slip within one day of him being paid. He also includes a link to the Pay slips (www.fairwork.gov.au/pay-and-wages/paying- wages/pay-slips)  page for his employer’s reference. Mark’s employer calls him in to a meeting the next day and explains that he wasn’t aware it was the law to provide him with pay slips. He gives Mark pay slips for all his previous pays and tells Mark that he has set up his payroll software to automatically generate a pay slip each pay period which will be emailed to him automatically.",
T12Q01,"im from a country that has a health agreement with australia, can i get medicare and will i still have to pay the doctor",S05_002,"Who can enrol

You can enrol in Medicare if you live in Australia and you’re any of these: an Australian citizen a New Zealand citizen an Australian permanent resident applying for permanent residency a temporary resident covered by a ministerial order . You can also enrol if you’re a citizen or permanent resident of any of these: Norfolk Island Cocos (Keeling) Islands Christmas Island Lord Howe Island. You may be able to enrol if you’re visiting from a Reciprocal Health Care Agreement country. You need to be in Australia to enrol in Medicare. If you’re outside Australia when we process your enrolment application, you’ll need to reapply when you return to live in Australia.",
T12Q01,"im from a country that has a health agreement with australia, can i get medicare and will i still have to pay the doctor",S05_004,"How to enrol

You can enrol in Medicare either: online through myGov by completing a Medicare enrolment form.

### Enrolling online
You can enrol online in Medicare as either an individual or a family through myGov and track the progress. To enrol online you and your family members need to: live in Australia have a current passport or ImmiCard have valid visa details from the Department of Home Affairs if you’re not an Australian citizen. If you want to enrol as a family, we need details and identity documents for any children under 15. If you want to include someone 15 or older, you need to give that person your application number. They need the number to give us their details and identity documents through their own myGov account to complete their enrolment. If you have a myGov account sign in and enrol in Medicare. If you don’t have a myGov account you need to create one .",
T12Q01,"im from a country that has a health agreement with australia, can i get medicare and will i still have to pay the doctor",S01_003,"Processing your application

Your application will be processed faster if we can identify you from the information you provide, such as your tax file number. If you don't have all the information now, you can still start your application and save it as you go, but the issuing of your ABN is likely to be delayed.",
T12Q01,"im from a country that has a health agreement with australia, can i get medicare and will i still have to pay the doctor",S08_005,"problems

My pay doesn't seem right (www.fairwork.gov.au/workplace- problems/common-workplace-problems/my-pay- doesnt-seem-right) I've been fired and I’m not sure what I’m entitled to (www.fairwork.gov.au/workplace- problems/common-workplace-problems/ive-lost- my-job-and-im-not-sure-what-im-entitled-to) Help with bullying in the workplace (www.fairwork.gov.au/workplace- problems/common-workplace-problems/help-with- bullying-in-the-workplace) I'm not getting pay slips (www.fairwork.gov.au/workplace- problems/common-workplace-problems/im-not- getting-pay-slips) I could be in a sham contracting arrangement (www.fairwork.gov.au/workplace- problems/common-workplace-problems/i-think-i- could-be-an-employee-not-a-contractor)",
T12Q01,"im from a country that has a health agreement with australia, can i get medicare and will i still have to pay the doctor",S03_010,"8516 - Continue to satisfy the criteria for the grant of the visa (#)

8517 - Maintain adequate arrangements for the education of your school-age dependants (#)

### 8518 - Maintain adequate arrangements for your education (#)
See what to do if there are changes to your study situation (https://immi.homeaffairs.gov.au/change-in-situation/study- situation). If you are younger than 18 years of age, you must have accommodation and support, and your general welfare must be maintained for the duration To maintain your welfare, you must stay in Australia with: your parent or legal custodian or a relative who has been nominated by your parents or custodians who is aged over 21 and is of good character or have accommodation, support and general welfare arrangements in place that have been approved by your education provider You must not change your arrangements without the written approval of your education provider. If your welfare arrangements are approved by your education provider you must not travel to Australia until your welfare arrangements start current and previous 570-576 visa holders, See the Regulations 500 visa holders, See the Regulation (https://www.legislation.gov.au/F1996B03551/latest/versions) You must let your education provider know your residential address within 7 days of arriving in Australia if you were outside Australia when your visa was granted. If your residential address changes you must let your education provider know within 7 days after the change. Notify your current education provider that​ you have changed your education provider within 7 days of receiving: a confirmation of enrolment from your new education provider, or evidence you have been enrolled by the new education provider We will contact you through your school. If you don’t update your contact details we won’t be able to contact you. See the Regulation (https://www.legislation.gov.au/F1996B03551/latest/versions)",
T12Q01,"im from a country that has a health agreement with australia, can i get medicare and will i still have to pay the doctor",S05_011,"When you’ll get a Medicare card

You’ll get a Medicare card number after you enrol in Medicare. Learn more about how to get your Medicare card . If you’re an Australian permanent resident To enrol as an Australian resident you need to have a permanent resident visa or have applied for one. If you’re a New Zealand citizen To enrol in Medicare you need to prove you live in Australia. If you’re an Australian citizen To enrol as an Australian citizen in Medicare you need to prove your identity and residency. If you’re a temporary resident covered by a Ministerial Order To access Medicare when you’re in Australia, you must meet certain criteria. not include all of the relevant information on this topic. Please consider any relevant site notices at https://www.servicesaustralia.gov.au/site-notices when using this material. [1] https://www.servicesaustralia.gov.au/enrolling-medicare-if-youre-australian-citizen?context=60092 [2] https://www.servicesaustralia.gov.au/enrolling-medicare-if-youre-new-zealand-citizen?",
T12Q01,"im from a country that has a health agreement with australia, can i get medicare and will i still have to pay the doctor",S04_002,"Ask a question

You can't leave Australia without the student visa holder unless you have made appropriate welfare arrangements. If you need to leave Australia without the student you are caring for (the nominating student), you must first show us: there are compassionate and compelling reasons for leaving Australia without the student you have made alternative arrangements for the student’s accommodation, support and general welfare until you return that their education provider has endorsed the alternative arrangements, if the student is under 18. We will let you know if we have endorsed​ the alternative arrangements. To submit your change of welfare arrangements, see ‘Your study situation has changed​’ (https://immi.homeaffairs.gov.au/change-in- situation/study-situation). If you do not maintain appropriate welfare arrangements, your visa may be cancelled.​",
T12Q01,"im from a country that has a health agreement with australia, can i get medicare and will i still have to pay the doctor",S05_009,"Enrolling when you’re Indigenous

If you’re Indigenous and have standard identity documents , mail or email them with your Medicare enrolment form to Medicare Enrolment Services . You can also enrol online through myGov. If you don’t have standard identity documents, you can use a referee instead. You and your referee need to fill in the Aboriginal and Torres Strait Islander Medicare enrolment and amendment form . The form says who can be a referee. You can mail, email or take your form to your local agent or access point or service centre . You can also call the Indigenous Access Line if you need help with the form.",
T12Q01,"im from a country that has a health agreement with australia, can i get medicare and will i still have to pay the doctor",S05_003,"What you need to enrol

You need to give us different documents depending on your circumstances. Learn about the documents you need if: you’re an Australian citizen you’re a New Zealand citizen you’re a permanent resident you’re applying for permanent residency you’re a temporary resident covered by a Ministerial Order you’ve adopted a child . If you’re visiting Australia, you’ll need different documents depending on where you’re from. Read more about Reciprocal Health Care Agreements .",
T12Q01,"im from a country that has a health agreement with australia, can i get medicare and will i still have to pay the doctor",S05_010,"Enrolling when you’re visiting Australia

We can cover some health care costs if you’re from a country we have an agreement with . You can get care as a public patient in a public hospital without enrolling in Medicare. Read more about medical care for visitors to Australia . Learn about assessing your eligibility .",
T12Q01,"im from a country that has a health agreement with australia, can i get medicare and will i still have to pay the doctor",S07_001,"How your Medicare card and account work - Medicare - Services Australia

keyboard_arrow_rightHealth and disabilitykeyboard_arrow_rightMedicarekeyboard_arrow_rightHow to claim

### How to use your card, update your details, manage your
Medicare online and record your organ donation decision. Your Medicare card How to get, use and replace your Medicare card. Update your personal details for Medicare If your details change, you need to let us know as soon as you can. This can include your name, address and bank details. Acting arrangements for Medicare You can act for someone or ask someone to act for you with Medicare. Organ and tissue donation Give the gift of life and register your decision to donate your organs or tissue after you die. and-account-work. It may not include all of the relevant information on this topic. Please consider any relevant site notices at https://www.servicesaustralia.gov.au/site-notices when using this material.

### [1] https://www.servicesaustralia.gov.au/your-medicare-card?context=60092
[2] https://www.servicesaustralia.gov.au/how-you-update-your-name-date-birth-or-gender-for-

### medicare?context=60092
[3] https://www.servicesaustralia.gov.au/acting-arrangements-for-medicare?context=60092 [4] https://www.servicesaustralia.gov.au/organ-and-tissue-donation?context=60092",
T18Q01,What action may an employee take if an employer fails to issue pay slips after a request has been made?,S09_001,"I'm not getting pay slips

Employees should get a pay slip within one working day of being paid, even if they’re on leave. Learn about the rules for getting pay slips. On this page: Know if you’re not getting pay slips If you haven’t been given pay slips Ask your employer to give you pay slips If you need more support Tools and resources Related information",
T18Q01,What action may an employee take if an employer fails to issue pay slips after a request has been made?,S08_003,"Steps to take

1. Find out what the rules are We have information and resources in over 30 lan- guages (www.fairwork.gov.au/tools-and- resources/language-help) to help you understand your workplace rights and obligations when working in Australia. You can use our Pay Calculator (www.fairwork.gov.au/pay-and-wages/pay-calcula- tor) to work out your correct pay rate. 2. Understand you have rights and protections You’re entitled to receive all of your workplace entitlements and protections, even if you haven’t followed the rules of your visa. Read about these protections at Visa holders and migrant workers (www.fairwork.gov.au/find-help-for/visa-holders-mi- grants) page. New laws have been introduced to strengthen reporting protections for eligible visa holders experiencing workplace exploitation, allowing workers to seek help without fear of visa cancellation. Find more information, visit Visa pro- tections – pilot programs (www.fairwork.gov.au/find-help-for/visa-holders- migrants/visa-protections-pilot-programs) . 3. Speak to your employer if you feel comfortable Once you’ve worked out your pay, talk to your employer to try to resolve the issue. Remember, an employer can’t cancel your visa. Only the Department of Home Affairs (https://immi.homeaffairs.gov.au/visas/working-in- australia/work-rights-and-exploitation) can cancel a visa. 4. Contact us for help You can contact us (www.fairwork.gov.au/about- us/contact-us) for help if you are worried about speaking to your employer. If you aren’t comfortable speaking to us directly or want to notify us on behalf of someone else, you can lodge an anonymous report in English (www.fairwork.gov.au/workplace-problems/fixing-a- workplace-problem/get-our-help-with-a-workplace- problem/anonymous-reporting) or another lan- guage (www.fairwork.gov.au/workplace- problems/fixing-a-workplace-problem/get-help- with-a-workplace-problem-in-your-language) .",
T18Q01,What action may an employee take if an employer fails to issue pay slips after a request has been made?,S09_005,"pay slips

If you’re not getting pay slips, talk to your employer and ask for them to be provided to you. Having a conversation as a first step can often clear up any misunderstandings. Your employer can provide your pay slip as a hard copy or electronically, such as by email or through an online portal. Even if you’re paid in cash, your employer still needs to give you a pay slip.",
T18Q01,What action may an employee take if an employer fails to issue pay slips after a request has been made?,S08_005,"problems

My pay doesn't seem right (www.fairwork.gov.au/workplace- problems/common-workplace-problems/my-pay- doesnt-seem-right) I've been fired and I’m not sure what I’m entitled to (www.fairwork.gov.au/workplace- problems/common-workplace-problems/ive-lost- my-job-and-im-not-sure-what-im-entitled-to) Help with bullying in the workplace (www.fairwork.gov.au/workplace- problems/common-workplace-problems/help-with- bullying-in-the-workplace) I'm not getting pay slips (www.fairwork.gov.au/workplace- problems/common-workplace-problems/im-not- getting-pay-slips) I could be in a sham contracting arrangement (www.fairwork.gov.au/workplace- problems/common-workplace-problems/i-think-i- could-be-an-employee-not-a-contractor)",
T18Q01,What action may an employee take if an employer fails to issue pay slips after a request has been made?,S10_007,"Tip: Help with difficult conversations

Many workplace issues can be fixed quickly and informally if you discuss them with your employer. We have online courses to help you prepare for difficult conversations (www.fairwork.gov.au/tools-and- resources/online-learning-centre/difficult-conversa- tions-in-the-workplace-employee-course) .

### Follow up after the discussion
Send a follow-up email to your employer and include a summary of the discussion and agreement. Give your employer time to respond, for example one week. If the agreed underpayment is a large amount, your employer could ask if it can be paid to you in instalments. Work together to come to an agreement and make sure to write it down. If your employer agrees to pay you the money they owe, acknowledge the agreement and check the correct money is paid into your bank account.",
T18Q01,What action may an employee take if an employer fails to issue pay slips after a request has been made?,S10_006,"Talk to your employer

If you think your pay isn’t right, arrange a time to talk to your employer and show them what you’ve found. This can often be a good opportunity to clear up any misunderstandings about your classification and pay rate. Bring a support person along if that helps you. Sometimes this can help you remember what to raise with your employer and what is discussed. Have the information you’ve gathered to show your employer. Stay calm and listen. Be open about what you believe your correct pay rate is and what you think you’re owed. If your employer isn’t sure if there’s been an underpayment, they can contact us (www.fairwork.gov.au/about-us/contact-us) to confirm. You may wish to contact us together. Write some notes during or after the meeting about what was discussed and agreed to.",
T18Q01,What action may an employee take if an employer fails to issue pay slips after a request has been made?,S09_003,"Tip: Use our Record My Hours app

We recommend employees keep a record of their hours, for example, in a diary or using our Record My Hours app (www.fairwork.gov.au/tools-and- resources/record-my-hours-app) .

### slips
If your employer doesn’t start giving you pay slips after you’ve asked them to, you can: give them the information on our website about pay slips (www.fairwork.gov.au/pay-and- wages/paying-wages/pay-slips) ask to have a meeting with your employer if the problem hasn’t been fixed. When you ask to meet with your employer, give them at least 7 days to provide you with all your pay slips before you take further steps.",
T18Q01,What action may an employee take if an employer fails to issue pay slips after a request has been made?,S10_008,"Example: Claiming back pay

Luke is a casual salesperson at a shoe store. He works on weekends but isn’t paid the penalty rates that he’s entitled to under his award. This has been happening for the last 3 months. Luke arranged to talk to his boss, Steph. He brought along the information and calculations he’d found on our website. Steph didn’t realise that she had to pay Luke penalty rates for working weekends. She discussed with him how she’d pay back the amount owed. The money was paid into Luke’s bank account the next pay day. Luke sent an email to Steph confirming he’d received the money.",
T18Q01,What action may an employee take if an employer fails to issue pay slips after a request has been made?,S10_002,"Know what you’re getting

First, you need to know what you’re currently getting paid. You can check your: pay slips rosters of the hours you’ve worked bank statements employment records.

### Tip: Use our Record My Hours app
Employers must keep proper employee records. If they haven’t been keeping appropriate employee records, it can be difficult for an employee, or us, to address concerns about underpayments. We recommend employees keep a record of their hours, for example in a diary or using our Record My Hours app (www.fairwork.gov.au/tools-and- resources/record-my-hours-app) .",
T18Q01,What action may an employee take if an employer fails to issue pay slips after a request has been made?,S09_004,"Example: Not getting pay slips

Mark has been employed as an apprentice butcher for 3 months and hasn’t received any pay slips from his employer. He’s mentioned this to his employer on several occasions. His employer tells him he’ll start getting pay slips from the following pay, but this doesn’t happen. Mark writes a letter to his employer explaining that he has looked at the information on fairwork.gov.au and tells his employer that they’re obliged to provide Mark with a pay slip within one day of him being paid. He also includes a link to the Pay slips (www.fairwork.gov.au/pay-and-wages/paying- wages/pay-slips)  page for his employer’s reference. Mark’s employer calls him in to a meeting the next day and explains that he wasn’t aware it was the law to provide him with pay slips. He gives Mark pay slips for all his previous pays and tells Mark that he has set up his payroll software to automatically generate a pay slip each pay period which will be emailed to him automatically.",
T18Q01,What action may an employee take if an employer fails to issue pay slips after a request has been made?,S09_002,"slips

Employers have record-keeping obligations which include rules about providing pay slips. Pay slips should: be given within one working day of pay day, even if an employee is on leave be in electronic form or hard copy include details of an employee’s pay for each pay period. It’s important that your pay slip has the right information. To learn more about what should be included in a pay slip, visit Pay slips (www.fairwork.gov.au/pay-and- wages/paying-wages/pay-slips) .",
T18Q01,What action may an employee take if an employer fails to issue pay slips after a request has been made?,S10_001,"My pay doesn't seem right

You can follow some simple steps to check your pay and resolve most pay problems. On this page: Know what you’re getting Check what you should be paid Talk to your employer Follow up after the discussion If you need more support Tools and resources Related information",
T18Q01,What action may an employee take if an employer fails to issue pay slips after a request has been made?,S10_009,"If you need more support

Most workplace problems can be solved without us getting involved, but sometimes this isn’t possible. We have information to help if your employer: doesn't respond to your attempts to contact them is being unfair or unreasonable doesn’t agree with you about your pay issues agrees with you but needs help to fix the underpayment. Find out how we can help you at Get our help with your workplace issue (www.fairwork.gov.au/workplace-problems/fixing-a- workplace-problem/get-our-help-with-a-workplace- problem) . For help with questions about workplace entitlements and obligations, you can contact us (www.fairwork.gov.au/about-us/contact-us) . There are some situations where we may refer you to seek legal advice. Learn more at Legal help (www.fairwork.gov.au/workplace-problems/fixing-a- workplace-problem/other-workplace-relations- help/legal-help) .",
T22Q01,do international students get the same rights at work as australians,S03_002,"Immigration and citizenship

Ask a question Student visa holders can work unlimited hours when their course is not in session. Their family members still have limited work rights. Make sure to check your visa conditions regularly, including your work rights. To check your visa details, go to VEVO (/visas/already-have-a-visa/check-visa-details-and-conditions/overview). Employers seeking to hire the family member of a primary Student visa holder should get evidence of the following: the relationship, such as a visa grant letter, marriage or birth certificate that the primary Student visa holder has commenced their course, such as a Confirmation of Enrolment or a letter from the relevant education provider. Employers who have hired a family member with this visa condition should ensure they are not working more hours than the employee’s visa allows. Understanding your work rights The department is working with the Fair Work Ombudsman to help employees and employers understand and follow Australian Workplace laws. Information on pay rates, shift calculations, leave arrangements and notice and redundancy entitlements is in the Pay and Conditions Tool (PACT) (http://calculate.fairwork.gov.au/Home/Help). For more information on workplace rights and entitlements for visa holders and migrant workers visit The Fair Work Ombudsman (https://www.fairwork.gov.au/how-we-will-help/templates-and-guides/fact-sheets/rights-and- obligations/visa-holders-and-migrant-workers-workplace-rights-and-entitlements) For the full list of conditions relevant to your visa, see the Federal Register of Legislation (https://www.legislation.gov.au/). This condition means you cannot work in Australia before your course starts unless at the time of applying for this visa, you held another visa that permitted you to work in Australia. You also cannot work more than 48 hours a fortnight when your course of study or training is in session. A course of study is in session: for the duration of the school semesters (including when exams are being held) you take another course that will count towards your main course during a term break. If you can work over 48 hours a fortnight You can only work over 48 hours a fortnight if: you hold a Student visa granted in relation to a masters degree by research or doctorate degree and your masters degree by research or doctorate degree has started​ it is a registered part of your course that is mandatory, that was specified as a requirement of the course when the course particulars were entered into the Commonwealth Register of Institutions and Courses for Overseas Students",
T22Q01,do international students get the same rights at work as australians,S03_001,"The following condition(s) might be attached to this visa:

This condition means you cannot work more than 40 hours a fortnight, unless you are a family member of a Student visa holder. Family members of a Student visa holder Family members of a Student visa holder cannot work before the student’s course starts. That is unless the Student visa holder or their family member held another visa that allowed them to work in Australia. Working while the course is in session: Family members can work up to 48 hours a fortnight while the course is in session. If the student is studying a Master’s Degree by Research or Doctoral Degree, they and their family members can work more than 48 hours a fortnight. If the student is studying a Master’s Degree by Coursework, or a Master’s Degree (Extended), their family members can also work more than 48 hours a fortnight. However, the student can still only work up to 48 hours a fortnight while their course is in session. A fortnight is a period of 14 days starting on a Monday. Working when the course is not in session: Select a visa below... Student visa (subclass 500) Not sure which visa you have? Check your conditions (VEVO) or have a look at the visa grant letter you received.",
T22Q01,do international students get the same rights at work as australians,S17_003,"Information for employers

Employers must continue to follow Australian workplace law. Overseas workers, including international students, have the same rights under Australian workplace law as all other employees. While these measures are in place, the Department of Home Affairs and Australian Border Force will: not cancel the visas of students who work more than 48 hours a fortnight in the aged sector, under s116(1)(b) of the Migration Act 1958 not refer student visa holders working in the aged care sector for investigation of any potential offence under s235 of the Migration Act 1958. (This might relate to the hours worked by a student visa holder in breach of their visa conditions) not refer a student working in the aged care sector or relevant third-party labour hire companies, as an employer, for investigation of any potential offence under s245AC of the Migration Act 1958. (This might relate to allowing a student visa holder to work in breach of their visa conditions).",
T22Q01,do international students get the same rights at work as australians,S15_009,"Driving

Most Australian states and territories (the exception being the

### Student Support Services
Australia offers a wide range of student services, such as academic, language, housing, legal and careers support. LIFE IN AUSTRALIA

### Accommodation
Australia has a wide range of short-term, rental, on campus and homestay accommodation options for students. Useful tools Career Matcher Speaking English practice test Cost of living calculator Find a course search Follow Us Subscribe to our newsletter Sign up to get all the latest student stories, blog posts and updates on student visas and travel to Australia straight to your inbox. Sign Up In the spirit of reconciliation we acknowledge the Traditional Custodians of country throughout Australia and their Northern Territory) allow student visa holders to drive with their overseas licence as long as it is current. When driving, you must carry your overseas licence with you at all times, with either an international driving permit or an accredited English translation if your licence is not in English. It's a good idea to check the licensing rules in your state or territory to avoid a fine. It's also important to familiarise yourself with Australian road rules to keep yourself and your passengers safe.",
T22Q01,do international students get the same rights at work as australians,S17_001,"From 1 July 2023, student visa holders will be restricted to 48 hours of work a fortnight

From 1 July 2023, student visa holders can work no more than 48 hours a fortnight while studying. Student visa holders have no work restrictions when their course of study or training is not in session. This ensures that student visa holders are able to focus on obtaining a quality Australian education and qualification, while remaining able to gain valuable work experience, and contribute to Australia’s workforce needs. Student visa work restrictions were relaxed throughout the pandemic, and completely removed in January 2022. This allowed student visa holders to work over their normal limit of 40 hours per fortnight to address workforce shortages. This ended on 30 June 2023. The Australian Government has announced that student visa holders already working in the aged care sector on 9 May 2023 can continue to work unrestricted hours in the aged care sector until 31 December 2023. For more information see our media release Addressing skills shortages in key industries and rebuilding the international education sector.",
T22Q01,do international students get the same rights at work as australians,S03_003,"8105 - Work limitation (#)

A course is not in session: during scheduled course breaks if your course was deferred or suspended in line with Standard 9 of the National Code of Practice for Providers of Education and Training to Overseas Students​ (https://internationaleducation.gov.au/Regulatory- Information/Pages/National-Code-2018-Factsheets-.aspx) ​ if you hold a valid visa and have completed your course as listed on your confirmation of enrolment if your enrolment has been cancelled due to the default of your education provider and until you get a new enrolment and start the course. A fortnight is a period of 14 days starting on a Monday. An example of a Student visas holder’s 48 hours a fortnight working limit is: week 1: 15 hours work week 2: 30 hours work week 3: 30 hours work week 4: 10 hours work. The student may not have breached their work conditions in the fortnight comprising the 14 days of weeks 1 and 2 (45 hours worked) or in the fortnight comprising the 14 days of weeks 3 and 4 (40 hours). However, if in session the student will be in breach of their work conditions, in the fortnight comprising the 14 days of weeks 2 and 3 (60 hours worked). For example: a student is studying a commercial cookery course on a subclass 500 visa and is offered work experience during school holidays. The Student works 75 hours a fortnight and is allowed to work unlimited hours while the course is not in session. The Student visa holder did not break their work condition. Work experience is included in a student’s work restriction of 48 hours a fortnight whether it is paid or unpaid. The exception to this is if a work experience unit forms a mandatory component of a student’s course and is included in the CRICOS registration of that course. In this circumstance, the work experience will not be included in the student’s work restriction of 48 hours a fortnight. Any work experience/work placement that is not a mandatory course requirement, or that is in excess of the period required in the course registration, is included in a student’s work limitation of 48 hours a fortnight. For example: a pharmacy student undertaking a mandatory 4 week block of on the job training has unlimited work rights for the purpose and duration of the work placement, as documented in the registered course structure. Examples of definition of work: You do a shift at a restaurant as part of a roster, but not during your rostered unpaid meal break. You are a taxi driver who has signed in and is ready to receive passengers, until you sign out for a break or your shift ends. As a Student visa holder, you are considered to have worked if you have: attended a place of work for a period by a roster or timesheet (but not during unpaid breaks) been ‘clocked on’ to an electronic system that records work activity received remuneration for work, as indicated in a payslip you have been given (unless you give documentary evidence that you were not working during this time). You can work more than one job as long as the total hours are not more than 48 hours in a fortnight. If you are an employer seeking to hire a Student visa holder, you should request evidence that they commenced their course. This evidence can be a confirmation of enrolment or a letter from the education provider. Employers who have hired a Student visa holder should ensure that the student/employee is not working more hours than the employee’s visa allows. Understanding your work rights The Department is working with the Fair Work Ombudsman to help employees and employers understand and follow Australian Workplace laws. Information on pay rates, shift calculations, leave arrangements and notice and redundancy entitlements is in the Pay and Conditions Tool (PACT) (http://calculate.fairwork.gov.au/Home/Help). The Fair Work Ombudsman website has more information on workplace rights and entitlements for visa holders and migrant workers (https://www.fairwork.gov.au/how-we-will-help/templates-and-guides/fact-sheets/rights-and- obligations/visa-holders-and-migrant-workers-workplace-rights-and-entitlements). For the full list of conditions relevant to your visa, see the Federal Register of Legislation (https://www.legislation.gov.au/). While in Australia, you must not engage, for more than 3 months, in any studies or training. See the Regulations (https://www.legislation.gov.au/F1996B03551/latest/versions)",
T22Q01,do international students get the same rights at work as australians,S03_005,"Subclass 602, 675 and 685 visa holders

You may study in Australia for more than 3 months if: you are under 18 your circumstances have changed while in Australia you have written permission to do so because of your circumstances

### Other visa holders
You must not study or train in Australia for more than 3 months in total. For the full list of conditions relevant to your visa, see the Federal Register of Legislation (https://www.legislation.gov.au/). You must: remain enrolled in a registered course (if you are a Foreign Affairs or Defence sponsored student or a secondary exchange student you must maintain full-time enrolment in your course of study or training) maintain enrolment in a registered course that is the same Australian Qualifications Framework (AQF) level (http://www.aqf.edu.au/) or higher for which we granted your student visa, unless changing from AQF level 10 to level 9. See: Change in study situation (/change-in-situation/study-situation). maintain satisfactory attendance in your course and course progress for each study period as required by your education provider. Note: A registered course is one that is on the Commonwealth Register of Institutions and Courses for Overseas Students (CRICOS) (http://cricos.education.gov.au/).",
T22Q01,do international students get the same rights at work as australians,S17_002,"Information for students

Students must know their visa conditions, including work rights. Your work rights may be impacted by your course level and the visa you held when you applied for your student visa. To see the work conditions of your visa, check 
   VEVO. You must continue to balance your study and work commitments. Students must still: maintain their course enrolment ensure satisfactory course attendance ensure satisfactory course progress. Student visa holders who cancel their enrolment, stop attending classes or fail to meet satisfactory course progress may be in breach of their visa conditions.",
T22Q01,do international students get the same rights at work as australians,S08_003,"Steps to take

1. Find out what the rules are We have information and resources in over 30 lan- guages (www.fairwork.gov.au/tools-and- resources/language-help) to help you understand your workplace rights and obligations when working in Australia. You can use our Pay Calculator (www.fairwork.gov.au/pay-and-wages/pay-calcula- tor) to work out your correct pay rate. 2. Understand you have rights and protections You’re entitled to receive all of your workplace entitlements and protections, even if you haven’t followed the rules of your visa. Read about these protections at Visa holders and migrant workers (www.fairwork.gov.au/find-help-for/visa-holders-mi- grants) page. New laws have been introduced to strengthen reporting protections for eligible visa holders experiencing workplace exploitation, allowing workers to seek help without fear of visa cancellation. Find more information, visit Visa pro- tections – pilot programs (www.fairwork.gov.au/find-help-for/visa-holders- migrants/visa-protections-pilot-programs) . 3. Speak to your employer if you feel comfortable Once you’ve worked out your pay, talk to your employer to try to resolve the issue. Remember, an employer can’t cancel your visa. Only the Department of Home Affairs (https://immi.homeaffairs.gov.au/visas/working-in- australia/work-rights-and-exploitation) can cancel a visa. 4. Contact us for help You can contact us (www.fairwork.gov.au/about- us/contact-us) for help if you are worried about speaking to your employer. If you aren’t comfortable speaking to us directly or want to notify us on behalf of someone else, you can lodge an anonymous report in English (www.fairwork.gov.au/workplace-problems/fixing-a- workplace-problem/get-our-help-with-a-workplace- problem/anonymous-reporting) or another lan- guage (www.fairwork.gov.au/workplace- problems/fixing-a-workplace-problem/get-help- with-a-workplace-problem-in-your-language) .",
T22Q01,do international students get the same rights at work as australians,S04_002,"Ask a question

You can't leave Australia without the student visa holder unless you have made appropriate welfare arrangements. If you need to leave Australia without the student you are caring for (the nominating student), you must first show us: there are compassionate and compelling reasons for leaving Australia without the student you have made alternative arrangements for the student’s accommodation, support and general welfare until you return that their education provider has endorsed the alternative arrangements, if the student is under 18. We will let you know if we have endorsed​ the alternative arrangements. To submit your change of welfare arrangements, see ‘Your study situation has changed​’ (https://immi.homeaffairs.gov.au/change-in- situation/study-situation). If you do not maintain appropriate welfare arrangements, your visa may be cancelled.​",
T22Q01,do international students get the same rights at work as australians,S15_001,"and settle into your new life in Australia

as an international student.

### Student Identifier
If you plan to study at a university in Australia, attend TAFE or do any other nationally recognised training , you will need a Unique Student Identifier (USI). With a USI, you can get your qualification or statement of attainment. You can only create a USI after you have arrived in Australia and cleared customs using your non-Australian passport and Australian visa as forms of ID. Once you have both documents, you can create your USI online by following the step-by-step instructions on the website. You should obtain your USI as soon as possible after arriving in Australia so that you can provide it to your education or training provider. For more information, visit usi.gov.au.",
T22Q01,do international students get the same rights at work as australians,S15_003,"Open a bank account

To open a bank account, visit bank branch in Australia and tell them you are an international student wanting to open an account. To open an account, you will need: electronic Confirmation of Enrolment (eCoE) passport, and proof of your address in Australia (such as a phone bill or lease agreement). You should get a Tax File Number (TFN) and submit it to the bank. You don’t need it to open your account, but without one, you will be taxed at a higher rate. You can find information about getting a TFN at the Australian Tax Office website.",
T22Q01,do international students get the same rights at work as australians,S08_001,"I'm a migrant worker being treated unfairly

It can be difficult to deal with unfair treatment when you’re a migrant worker. Migrant workers and visa holders (including international students) have the same workplace entitlements and protections as all other employees in Australia. On this page: How to discuss your workplace rights If you need more support Tools and resources Related information",
T23Q01,"my boss says he will cancel my visa if i complain, can he actually do that",S03_013,"Applying for any other visa

If you have completed the course we granted you the visa for, you don’t need to ask us to waive condition 8534 to make a valid application for one of these visas: General Skilled Migration visa (for example Subclass 189 or 190) Subclass 132 (Business Talent) visa Subclass 186 (Employee Nomination Scheme) visa Subclass 187 (Regional Sponsored Migration Scheme) visa Subclass 188 (Business Innovation and Investment (Provisional)) visa Subclass 482 (Temporary Skill Shortage) visa You can ask us to waive this condition (https://immi.homeaffairs.gov.au/visas/already-have-a-visa/check-visa-details-and- conditions/waivers-and-permissions/no-further-stay-waiver) in limited circumstances if you want to apply for any other visa, including a further Student visa. While you are in Australia, we will not grant you a new substantive visa other than:",
T23Q01,"my boss says he will cancel my visa if i complain, can he actually do that",S08_005,"problems

My pay doesn't seem right (www.fairwork.gov.au/workplace- problems/common-workplace-problems/my-pay- doesnt-seem-right) I've been fired and I’m not sure what I’m entitled to (www.fairwork.gov.au/workplace- problems/common-workplace-problems/ive-lost- my-job-and-im-not-sure-what-im-entitled-to) Help with bullying in the workplace (www.fairwork.gov.au/workplace- problems/common-workplace-problems/help-with- bullying-in-the-workplace) I'm not getting pay slips (www.fairwork.gov.au/workplace- problems/common-workplace-problems/im-not- getting-pay-slips) I could be in a sham contracting arrangement (www.fairwork.gov.au/workplace- problems/common-workplace-problems/i-think-i- could-be-an-employee-not-a-contractor)",
T23Q01,"my boss says he will cancel my visa if i complain, can he actually do that",S08_006,"Tools and resources

An employee's guide to fixing workplace problems (www.fairwork.gov.au/sites/default/files/2025-04/fg- an-employees-guide-to-fixing-workplace- problems.docx) An employee's guide to fixing workplace problems (www.fairwork.gov.au/sites/default/files/2025-04/fg- an-employees-guide-to-fixing-workplace- problems.pdf) Language help (www.fairwork.gov.au/tools-and- resources/language-help) Report a workplace issue anonymously in your language (www.fairwork.gov.au/workplace- problems/fixing-a-workplace-problem/workplace- help-in-other-languages/report-a-workplace-issue- in-your-language) Find help for Visa holders and migrant workers (www.fairwork.gov.au/find-help-for/visa-holders- migrants) Record My Hours app (www.fairwork.gov.au/tools- and-resources/record-my-hours-app) Related information Ask for our help with a workplace problem (www.fairwork.gov.au/workplace-problems/fixing-a- workplace-problem/ask-for-our-help-with-a-work- place-problem) Department of Home Affairs (https://immi.homeaffairs.gov.au/visas/working-in- australia/work-rights-and-exploitation) Visa protections – pilot programs (www.fairwork.gov.au/find-help-for/visa-holders- migrants/visa-protections-pilot-programs) Workers rights and visa reporting protections (https://immi.homeaffairs.gov.au/visas/working-in- australia/work-rights-and-exploitation) The Fair Work Ombudsman acknowledges the Traditional Custodians of Country throughout Australia and their continuing connection to land, waters, skies and communities. We pay our respects to them, their Cultures, and Elders past and present. Thank you for your feedback. If you would like to tell us more about the information you’ve found today you can complete our feedback form (https://services.fairwork.gov.au/feedback/submit-a-feedback) . Please note that comments aren't monitored for personal information or workplace complaints. If you have a question or concern about your job, entitlements or obligations, please Contact us (www.fairwork.gov.au/about- us/contact-us) . account/BookmarkToMyAccount? System=web&Title=I'm%20a%20migrant%20worker%20being%20treated%20unfairly%20- %20Fair%20Work%20Ombudsman&SourceURL=https%3A%2F%2Fwww.fairwork.gov.au%2Fworkplace- problems%2Fcommon-workplace-problems%2Fim-a-migrant-worker-being-treated-unfairly)",
T23Q01,"my boss says he will cancel my visa if i complain, can he actually do that",S04_001,"Visa Conditions

Showing 5 out of 5 items that match your criteria Reset search (#) sorted by Condition Number 8104 - Work limitation 8105 - Work limitation 8202 - Meet course requirements 8208 - No study change related to critical technology without approval 8538 - Not leave Australia without the student without our approval",
T23Q01,"my boss says he will cancel my visa if i complain, can he actually do that",S17_002,"Information for students

Students must know their visa conditions, including work rights. Your work rights may be impacted by your course level and the visa you held when you applied for your student visa. To see the work conditions of your visa, check 
   VEVO. You must continue to balance your study and work commitments. Students must still: maintain their course enrolment ensure satisfactory course attendance ensure satisfactory course progress. Student visa holders who cancel their enrolment, stop attending classes or fail to meet satisfactory course progress may be in breach of their visa conditions.",
T23Q01,"my boss says he will cancel my visa if i complain, can he actually do that",S08_004,"If you need more support

You can contact us (www.fairwork.gov.au/about- us/contact-us) for more information. We won’t contact your employer unless you give us permission to do so. If you would like to talk to us using a translator, call the Translating and Interpreting Service on 131 450. They will call us for you and interpret your question.",
T23Q01,"my boss says he will cancel my visa if i complain, can he actually do that",S10_001,"My pay doesn't seem right

You can follow some simple steps to check your pay and resolve most pay problems. On this page: Know what you’re getting Check what you should be paid Talk to your employer Follow up after the discussion If you need more support Tools and resources Related information",
T23Q01,"my boss says he will cancel my visa if i complain, can he actually do that",S03_001,"The following condition(s) might be attached to this visa:

This condition means you cannot work more than 40 hours a fortnight, unless you are a family member of a Student visa holder. Family members of a Student visa holder Family members of a Student visa holder cannot work before the student’s course starts. That is unless the Student visa holder or their family member held another visa that allowed them to work in Australia. Working while the course is in session: Family members can work up to 48 hours a fortnight while the course is in session. If the student is studying a Master’s Degree by Research or Doctoral Degree, they and their family members can work more than 48 hours a fortnight. If the student is studying a Master’s Degree by Coursework, or a Master’s Degree (Extended), their family members can also work more than 48 hours a fortnight. However, the student can still only work up to 48 hours a fortnight while their course is in session. A fortnight is a period of 14 days starting on a Monday. Working when the course is not in session: Select a visa below... Student visa (subclass 500) Not sure which visa you have? Check your conditions (VEVO) or have a look at the visa grant letter you received.",
T23Q01,"my boss says he will cancel my visa if i complain, can he actually do that",S10_008,"Example: Claiming back pay

Luke is a casual salesperson at a shoe store. He works on weekends but isn’t paid the penalty rates that he’s entitled to under his award. This has been happening for the last 3 months. Luke arranged to talk to his boss, Steph. He brought along the information and calculations he’d found on our website. Steph didn’t realise that she had to pay Luke penalty rates for working weekends. She discussed with him how she’d pay back the amount owed. The money was paid into Luke’s bank account the next pay day. Luke sent an email to Steph confirming he’d received the money.",
T23Q01,"my boss says he will cancel my visa if i complain, can he actually do that",S08_003,"Steps to take

1. Find out what the rules are We have information and resources in over 30 lan- guages (www.fairwork.gov.au/tools-and- resources/language-help) to help you understand your workplace rights and obligations when working in Australia. You can use our Pay Calculator (www.fairwork.gov.au/pay-and-wages/pay-calcula- tor) to work out your correct pay rate. 2. Understand you have rights and protections You’re entitled to receive all of your workplace entitlements and protections, even if you haven’t followed the rules of your visa. Read about these protections at Visa holders and migrant workers (www.fairwork.gov.au/find-help-for/visa-holders-mi- grants) page. New laws have been introduced to strengthen reporting protections for eligible visa holders experiencing workplace exploitation, allowing workers to seek help without fear of visa cancellation. Find more information, visit Visa pro- tections – pilot programs (www.fairwork.gov.au/find-help-for/visa-holders- migrants/visa-protections-pilot-programs) . 3. Speak to your employer if you feel comfortable Once you’ve worked out your pay, talk to your employer to try to resolve the issue. Remember, an employer can’t cancel your visa. Only the Department of Home Affairs (https://immi.homeaffairs.gov.au/visas/working-in- australia/work-rights-and-exploitation) can cancel a visa. 4. Contact us for help You can contact us (www.fairwork.gov.au/about- us/contact-us) for help if you are worried about speaking to your employer. If you aren’t comfortable speaking to us directly or want to notify us on behalf of someone else, you can lodge an anonymous report in English (www.fairwork.gov.au/workplace-problems/fixing-a- workplace-problem/get-our-help-with-a-workplace- problem/anonymous-reporting) or another lan- guage (www.fairwork.gov.au/workplace- problems/fixing-a-workplace-problem/get-help- with-a-workplace-problem-in-your-language) .",
T23Q01,"my boss says he will cancel my visa if i complain, can he actually do that",S17_003,"Information for employers

Employers must continue to follow Australian workplace law. Overseas workers, including international students, have the same rights under Australian workplace law as all other employees. While these measures are in place, the Department of Home Affairs and Australian Border Force will: not cancel the visas of students who work more than 48 hours a fortnight in the aged sector, under s116(1)(b) of the Migration Act 1958 not refer student visa holders working in the aged care sector for investigation of any potential offence under s235 of the Migration Act 1958. (This might relate to the hours worked by a student visa holder in breach of their visa conditions) not refer a student working in the aged care sector or relevant third-party labour hire companies, as an employer, for investigation of any potential offence under s245AC of the Migration Act 1958. (This might relate to allowing a student visa holder to work in breach of their visa conditions).",
T23Q01,"my boss says he will cancel my visa if i complain, can he actually do that",S10_010,"Threats to cancel your visa

Only the Department of Home Affairs (Home Affairs) can cancel visas, not your boss. The Australian Government has introduced the Strengthening Reporting Protections Pilot (https://immi.homeaffairs.gov.au/visas/working-in- australia/work-rights-and-exploitation/strengthening- reporting-protections-pilot) and Workplace Justice Visa Pilot (https://immi.homeaffairs.gov.au/visas/getting-a- visa/visa-listing/temporary-activity-408/australian-gov- ernment-endorsed-events-workplace-justice-pilot) . Eligible visa holders experiencing workplace exploitation who want to seek help without fear of visa cancellation can learn more about at Visa protections – pilot programs (www.fairwork.gov.au/find-help- for/visa-holders-migrants/visa-protections-pilot-pro- grams) .",
T23Q01,"my boss says he will cancel my visa if i complain, can he actually do that",S09_004,"Example: Not getting pay slips

Mark has been employed as an apprentice butcher for 3 months and hasn’t received any pay slips from his employer. He’s mentioned this to his employer on several occasions. His employer tells him he’ll start getting pay slips from the following pay, but this doesn’t happen. Mark writes a letter to his employer explaining that he has looked at the information on fairwork.gov.au and tells his employer that they’re obliged to provide Mark with a pay slip within one day of him being paid. He also includes a link to the Pay slips (www.fairwork.gov.au/pay-and-wages/paying- wages/pay-slips)  page for his employer’s reference. Mark’s employer calls him in to a meeting the next day and explains that he wasn’t aware it was the law to provide him with pay slips. He gives Mark pay slips for all his previous pays and tells Mark that he has set up his payroll software to automatically generate a pay slip each pay period which will be emailed to him automatically.",
T23Q01,"my boss says he will cancel my visa if i complain, can he actually do that",S03_002,"Immigration and citizenship

Ask a question Student visa holders can work unlimited hours when their course is not in session. Their family members still have limited work rights. Make sure to check your visa conditions regularly, including your work rights. To check your visa details, go to VEVO (/visas/already-have-a-visa/check-visa-details-and-conditions/overview). Employers seeking to hire the family member of a primary Student visa holder should get evidence of the following: the relationship, such as a visa grant letter, marriage or birth certificate that the primary Student visa holder has commenced their course, such as a Confirmation of Enrolment or a letter from the relevant education provider. Employers who have hired a family member with this visa condition should ensure they are not working more hours than the employee’s visa allows. Understanding your work rights The department is working with the Fair Work Ombudsman to help employees and employers understand and follow Australian Workplace laws. Information on pay rates, shift calculations, leave arrangements and notice and redundancy entitlements is in the Pay and Conditions Tool (PACT) (http://calculate.fairwork.gov.au/Home/Help). For more information on workplace rights and entitlements for visa holders and migrant workers visit The Fair Work Ombudsman (https://www.fairwork.gov.au/how-we-will-help/templates-and-guides/fact-sheets/rights-and- obligations/visa-holders-and-migrant-workers-workplace-rights-and-entitlements) For the full list of conditions relevant to your visa, see the Federal Register of Legislation (https://www.legislation.gov.au/). This condition means you cannot work in Australia before your course starts unless at the time of applying for this visa, you held another visa that permitted you to work in Australia. You also cannot work more than 48 hours a fortnight when your course of study or training is in session. A course of study is in session: for the duration of the school semesters (including when exams are being held) you take another course that will count towards your main course during a term break. If you can work over 48 hours a fortnight You can only work over 48 hours a fortnight if: you hold a Student visa granted in relation to a masters degree by research or doctorate degree and your masters degree by research or doctorate degree has started​ it is a registered part of your course that is mandatory, that was specified as a requirement of the course when the course particulars were entered into the Commonwealth Register of Institutions and Courses for Overseas Students",
T23Q01,"my boss says he will cancel my visa if i complain, can he actually do that",S08_001,"I'm a migrant worker being treated unfairly

It can be difficult to deal with unfair treatment when you’re a migrant worker. Migrant workers and visa holders (including international students) have the same workplace entitlements and protections as all other employees in Australia. On this page: How to discuss your workplace rights If you need more support Tools and resources Related information",
T23Q01,"my boss says he will cancel my visa if i complain, can he actually do that",S04_002,"Ask a question

You can't leave Australia without the student visa holder unless you have made appropriate welfare arrangements. If you need to leave Australia without the student you are caring for (the nominating student), you must first show us: there are compassionate and compelling reasons for leaving Australia without the student you have made alternative arrangements for the student’s accommodation, support and general welfare until you return that their education provider has endorsed the alternative arrangements, if the student is under 18. We will let you know if we have endorsed​ the alternative arrangements. To submit your change of welfare arrangements, see ‘Your study situation has changed​’ (https://immi.homeaffairs.gov.au/change-in- situation/study-situation). If you do not maintain appropriate welfare arrangements, your visa may be cancelled.​",
T23Q01,"my boss says he will cancel my visa if i complain, can he actually do that",S03_008,"8203 - Limited study change (#)

You must not undertake or change your course of study, thesis or research topic without the approval of the Minister, for a: graduate certificate graduate diploma master's degree doctorate, or any bridging course required as a prerequisite to a course of study or research for a master's degree or doctorate This approval can only be given after the Minister has obtained an assessment from the competent Australian authorities that you are not likely to be directly or indirectly a risk to Australian national security. If you are considering changing your thesis, major or research topic you must complete Form 1221 - Additional personal particulars information (PDF)​ (/form-listing/forms/1221.pdf) and submit a 8203/8204 Change of Study Assessment Request (/change-in-situation/study-situation/study-assessment)​. See the Regulation (https://www.legislation.gov.au/F1996B03551/latest/versions) If your visa is subject to condition 8208 and you started your course after 1 April 2024, you must not start critical technology related studies without the approval of the Minister of Home Affairs. If you do not comply with this condition, we may cancel your visa. We have specified the technologies that we consider critical technology for condition 8208 and related purposes in Migration (Critical Technology – Kinds of Technology) Specification (LIN24/010) 2024 (https://www.legislation.gov.au/F2024L00182). Critical technology related study includes a: postgraduate research course that relates to critical technology – leading to either a Masters degree (research) or doctoral degree thesis or research topic that relates to critical technology (in a course at Masters degree (research) or doctoral degree level) bridging course that is a prerequisite to a postgraduate research course that relates to critical technology. Visa holders do not need approval to start a Masters by coursework. To request approval to start a critical technology-related course in the postgraduate research sector: 1. Login to ImmiAccount (https://online.immi.gov.au/lusc/login). 2. Go to the ‘update details’ section. 3. Click on the link for ‘Change of course approval request’. 4. Complete the ‘Condition 8208 – Change of course approval request form’and provide any evidence we request.",
T23Q01,"my boss says he will cancel my visa if i complain, can he actually do that",S09_003,"Tip: Use our Record My Hours app

We recommend employees keep a record of their hours, for example, in a diary or using our Record My Hours app (www.fairwork.gov.au/tools-and- resources/record-my-hours-app) .

### slips
If your employer doesn’t start giving you pay slips after you’ve asked them to, you can: give them the information on our website about pay slips (www.fairwork.gov.au/pay-and- wages/paying-wages/pay-slips) ask to have a meeting with your employer if the problem hasn’t been fixed. When you ask to meet with your employer, give them at least 7 days to provide you with all your pay slips before you take further steps.",
T23Q01,"my boss says he will cancel my visa if i complain, can he actually do that",S10_002,"Know what you’re getting

First, you need to know what you’re currently getting paid. You can check your: pay slips rosters of the hours you’ve worked bank statements employment records.

### Tip: Use our Record My Hours app
Employers must keep proper employee records. If they haven’t been keeping appropriate employee records, it can be difficult for an employee, or us, to address concerns about underpayments. We recommend employees keep a record of their hours, for example in a diary or using our Record My Hours app (www.fairwork.gov.au/tools-and- resources/record-my-hours-app) .",
T30Q01,What is the processing timeframe for an ABN application that requires further review?,S15_004,"provider of your address

As per visa condition 8533 , you must inform your education provider of your residential address within seven (7) days of arriving in Australia. Find out more about accommodation in Australia.

### campus
You should visit your new campus before you start classes to get to know your best travel route and navigate the campus. Many education providers will have an Orientation Week (also known as ‘O-Week’), usually the week before classes start. It’s an excellent opportunity to make friends, meet staff members and get to know your campus. Your education provider should have O-Week details on their website where you can choose from different information sessions, campus tours and social events.",
T30Q01,What is the processing timeframe for an ABN application that requires further review?,S03_007,"Additional information

See Your study situation has changed (https://immi.homeaffairs.gov.au/change-in-situation/study-situation). You must not change your course of study, thesis or research topic without the approval of the Minister.- This approval can only be given after the Minister has obtained an assessment from the competent Australian authorities that you are not likely to be directly or indirectly a risk to Australian national security. If you are considering changing your thesis, major or research topic you must: complete Form 1221 - Additional personal particulars information (PDF) (/form-listing/forms/1221.pdf) and ​submit a 8203/8204 Change of Study Assessment Request (/change-in-situation/study-situation/study-assessment)​. See the regulation (https://www.legislation.gov.au/F1996B03551/latest/versions)​",
T30Q01,What is the processing timeframe for an ABN application that requires further review?,S01_004,"A successful application

If your application is successful: If you receive a reference number it may mean we need to check some details in your application or more information is needed. We aim to review your application within 20 business days and will contact you if we need further information. You can check ABN Lookup at any time to see if the ABN has been successfully processed. If the application is processed successfully after our review, we will send you a letter within 14 days to confirm your ABN.",
T30Q01,What is the processing timeframe for an ABN application that requires further review?,S01_003,"Processing your application

Your application will be processed faster if we can identify you from the information you provide, such as your tax file number. If you don't have all the information now, you can still start your application and save it as you go, but the issuing of your ABN is likely to be delayed.",
T30Q01,What is the processing timeframe for an ABN application that requires further review?,S03_013,"Applying for any other visa

If you have completed the course we granted you the visa for, you don’t need to ask us to waive condition 8534 to make a valid application for one of these visas: General Skilled Migration visa (for example Subclass 189 or 190) Subclass 132 (Business Talent) visa Subclass 186 (Employee Nomination Scheme) visa Subclass 187 (Regional Sponsored Migration Scheme) visa Subclass 188 (Business Innovation and Investment (Provisional)) visa Subclass 482 (Temporary Skill Shortage) visa You can ask us to waive this condition (https://immi.homeaffairs.gov.au/visas/already-have-a-visa/check-visa-details-and- conditions/waivers-and-permissions/no-further-stay-waiver) in limited circumstances if you want to apply for any other visa, including a further Student visa. While you are in Australia, we will not grant you a new substantive visa other than:",
T30Q01,What is the processing timeframe for an ABN application that requires further review?,S01_001,"Applying for an ABN _ Australian Business Register

Home > For Business, Super funds & Charities > Applying for an ABN

### How to apply and reapply
The ABN (Australian business number) is a unique 11-digit number that identifies your business or organisation to the government and community. Not everyone is entitled to an ABN. You may face prosecution or criminal charges if you apply for an ABN, register for GST and claim GST refunds when you’re not entitled. You may be subject to an ABN entitlement review at any time. If we conduct a review, you'll be asked to provide evidence that you commenced, or took steps to commence, your business or enterprise from the start date provided in your ABN application. Apply or reapply for an ABN using the application below:",
T30Q01,What is the processing timeframe for an ABN application that requires further review?,S03_006,"Gap between courses

Generally course gaps should not be more 2 months. A course gap can be more than 2 months if: it is the end of the academic year study break you are affected by education provider default (https://immi.homeaffairs.gov.au/visas/getting-a-visa/visa-listing/student- 500/education-provider-default) you have completed your course and you are applying for a new visa",
T30Q01,What is the processing timeframe for an ABN application that requires further review?,S09_003,"Tip: Use our Record My Hours app

We recommend employees keep a record of their hours, for example, in a diary or using our Record My Hours app (www.fairwork.gov.au/tools-and- resources/record-my-hours-app) .

### slips
If your employer doesn’t start giving you pay slips after you’ve asked them to, you can: give them the information on our website about pay slips (www.fairwork.gov.au/pay-and- wages/paying-wages/pay-slips) ask to have a meeting with your employer if the problem hasn’t been fixed. When you ask to meet with your employer, give them at least 7 days to provide you with all your pay slips before you take further steps.",
T30Q01,What is the processing timeframe for an ABN application that requires further review?,S06_001,"Fair Work system

Learn who’s covered by the Fair Work system and what that means for workplace rights and responsibilities. On this page: What is the Fair Work System Key features of the Fair Work system Who is covered by the Fair Work system Before the Fair Work Ombudsman Tools and resources Related information",
T30Q01,What is the processing timeframe for an ABN application that requires further review?,S04_001,"Visa Conditions

Showing 5 out of 5 items that match your criteria Reset search (#) sorted by Condition Number 8104 - Work limitation 8105 - Work limitation 8202 - Meet course requirements 8208 - No study change related to critical technology without approval 8538 - Not leave Australia without the student without our approval",
T30Q01,What is the processing timeframe for an ABN application that requires further review?,S01_005,"An unsuccessful application

If your application is unsuccessful, you'll receive a refusal number. You'll also receive a letter within 14 days confirming that your application has been refused, the reasons for the refusal and the options available to you. This includes your review rights. It's important to remember that not everyone is entitled to an ABN. you'll receive your 11-digit ABN immediately you should print or save the confirmation of your ABN and ABN details you can immediately apply for other business registrations, such as GST your details will be added to the Australian Business Register (ABR) - you can request that certain details not be disclosed if you have privacy concerns it's now your responsibility to keep your details up to date. ABN entitlement What you need for your ABN application ABN facts and fiction ABN for businesses outside Australia Your business information on the ABR Saving your ABN application Updating or cancelling your ABN Applying for other registrations",
T30Q01,What is the processing timeframe for an ABN application that requires further review?,S03_012,"Additional information

Condition 8534 can be applied to subclass 500 Student visa holders and their family members at our discretion. The case officer that assesses your application will decide whether to apply the condition.

### Applying for a graduate visa
If condition 8534 applies to your current visa you can only apply for the Temporary Graduate visa using the paper form. You don’t need to ask us to waive the condition before you submit your application. Download and complete Form 1409 Application for a Temporary Graduate visa. Ensure you tick the box saying you want to waive this condition.",
T30Q01,What is the processing timeframe for an ABN application that requires further review?,S01_002,"Requesting non-disclosure of details

In most instances, you need to apply for your ABN before you apply for non-disclosure of your ABN details. This usually results in your details being publicly available until the non-disclosure request is finalised. If you are an individual (sole trader) and have exceptional circumstances, you can apply for your ABN at the same time as your non-disclosure request. This will stop your details from being publicly available while we process your non-disclosure request. For more information on how to request a non-disclosure of details, see Request non-disclosure of ABN details. Watch this video to find out more about ABNs. QC 28 Applying for an ABN",
T30Q01,What is the processing timeframe for an ABN application that requires further review?,S09_002,"slips

Employers have record-keeping obligations which include rules about providing pay slips. Pay slips should: be given within one working day of pay day, even if an employee is on leave be in electronic form or hard copy include details of an employee’s pay for each pay period. It’s important that your pay slip has the right information. To learn more about what should be included in a pay slip, visit Pay slips (www.fairwork.gov.au/pay-and- wages/paying-wages/pay-slips) .",
T30Q01,What is the processing timeframe for an ABN application that requires further review?,S10_006,"Talk to your employer

If you think your pay isn’t right, arrange a time to talk to your employer and show them what you’ve found. This can often be a good opportunity to clear up any misunderstandings about your classification and pay rate. Bring a support person along if that helps you. Sometimes this can help you remember what to raise with your employer and what is discussed. Have the information you’ve gathered to show your employer. Stay calm and listen. Be open about what you believe your correct pay rate is and what you think you’re owed. If your employer isn’t sure if there’s been an underpayment, they can contact us (www.fairwork.gov.au/about-us/contact-us) to confirm. You may wish to contact us together. Write some notes during or after the meeting about what was discussed and agreed to.",
T37Q01,is there a max amount i pay per day for trains and trams,S10_008,"Example: Claiming back pay

Luke is a casual salesperson at a shoe store. He works on weekends but isn’t paid the penalty rates that he’s entitled to under his award. This has been happening for the last 3 months. Luke arranged to talk to his boss, Steph. He brought along the information and calculations he’d found on our website. Steph didn’t realise that she had to pay Luke penalty rates for working weekends. She discussed with him how she’d pay back the amount owed. The money was paid into Luke’s bank account the next pay day. Luke sent an email to Steph confirming he’d received the money.",
T37Q01,is there a max amount i pay per day for trains and trams,S16_003,"How it works

Tap on every time to ensure you get the lowest fare.

### Where you can use it
Available on trains, trams and buses, and some V/Line trains across metro and some regional areas. myki is progressively rolling out on regional lines.",
T37Q01,is there a max amount i pay per day for trains and trams,S13_008,"Cheaper travel after 6pm

If you tap on after 6pm, you can travel until 3am the next day. This gives you up to 9 hours of travel for the price of 2 hours. Feedback

### Weekend and public holiday fares
On weekends and public holidays, your daily fare is capped at $4.00 for full fare, $2.00 for concession, and free for Seniors myki holders. You may be eligible for free weekend travel if you have certain concessions or a free travel pass. New ways to tap and go rolling out on lo... From 16 August, myki and contactless payment options will be progressively avail...

### Quick links
myki Contactless payments V/Line tickets Feedback",
T37Q01,is there a max amount i pay per day for trains and trams,S13_005,"Find out more about fares east

Public transport is half price until 1 January 2027, and the prices below reflect this discount. Once you hit the cap, travel is free for the rest of the day. Weekday cap: $5.70 full fare | $2.85 concession Weekend cap: $4.00 full fare | $2.00 concession | Seniors free Until you reach the cap, how much you pay depends on how far you travel.",
T37Q01,is there a max amount i pay per day for trains and trams,S16_007,"Save money with myki

Feedback There are multiple ways to save money with myki: Get a myki Pass for unlimited travel over consecutive days Access discounted 365-day passes through myki Commuter Club if your workplace is eligible Explore other ways to get cheaper travel.

### myki feedback
Visit our myki feedback page to tell us about your experiences using the myki ticketing system.

### Quick links
How to pay for public transport Contactless payments V/Line tickets Feedback",
T37Q01,is there a max amount i pay per day for trains and trams,S13_006,"Full Fare myki

Full fare pricing for standard travel on trains, trams and buses.

### Youth
Under-18s travel free with a Youth myki; 18-year- olds get half-price fares with ...

### Concession
50% off for students, pensioners, seniors, disability support, healthcare card h...",
T37Q01,is there a max amount i pay per day for trains and trams,S09_002,"slips

Employers have record-keeping obligations which include rules about providing pay slips. Pay slips should: be given within one working day of pay day, even if an employee is on leave be in electronic form or hard copy include details of an employee’s pay for each pay period. It’s important that your pay slip has the right information. To learn more about what should be included in a pay slip, visit Pay slips (www.fairwork.gov.au/pay-and- wages/paying-wages/pay-slips) .",
T37Q01,is there a max amount i pay per day for trains and trams,S13_001,"Tickets and payments

Your ticketing and payment options for travelling on public transport across Victoria

### myki
Pay using a physical myki card or via Mobile myki (Android only) if you don't want to use your bank card. Support: Full fare and concession Modes: Metropolitan trains, trams and buses V/Line trains (some lines) Buses in inner regional areas",
T37Q01,is there a max amount i pay per day for trains and trams,S13_007,"Cheaper travel before 7am - Early bird

Your metropolitan train journey is free if you tap on and off before 7.15am on weekdays. You get the free early bird fare when you: travel on a metropolitan train, or a V/Line service between Pakenham or Sunbury and Melbourne keep a positive account balance tap on and off within 2 hours, before 7.15am on a weekday. To make sure you get the early bird fare, use train services that arrive at your destination by 7am.",
T37Q01,is there a max amount i pay per day for trains and trams,S13_004,"Half price rides!

Public transport is half price across the state for everyone, every day until 1 ...

### Daily fare cap
Fare cap is the maximum amount you will pay in a day no matter how long you trave",
T37Q01,is there a max amount i pay per day for trains and trams,S13_002,"Contactless

Pay as you go by tapping your Mastercard or Visa, smartphone or smartwatch. Support: Full fare only Modes: Metropolitan trains, trams and buses V/Line trains (some lines) Buses in inner regional areas Find out more about V/Line tickets",
T37Q01,is there a max amount i pay per day for trains and trams,S16_005,"Full Fare myki

Full fare pricing for standard travel on trains, trams and buses.

### Youth
Under-18s travel free with a Youth myki; 18-year- olds get half-price fares with ...

### Concession
50% off for students, pensioners, seniors, disability support, healthcare card h...",
T37Q01,is there a max amount i pay per day for trains and trams,S16_001,"Get started with myki

Your ticket to travel on trains, trams and buses in Melbourne and most of regional Victoria. Buy a myki Top up online Download the PTV App

### Physical myki
Buy a physical myki and top up to travel if you don't want to use a bank card. Card cost: $6 full fare | $3 concession | $5 youth. You'll need to top up separately before you can travel.",
T40Q01,can i get a concession myki as an international student and how much would it save me,S16_005,"Full Fare myki

Full fare pricing for standard travel on trains, trams and buses.

### Youth
Under-18s travel free with a Youth myki; 18-year- olds get half-price fares with ...

### Concession
50% off for students, pensioners, seniors, disability support, healthcare card h...",
T40Q01,can i get a concession myki as an international student and how much would it save me,S16_007,"Save money with myki

Feedback There are multiple ways to save money with myki: Get a myki Pass for unlimited travel over consecutive days Access discounted 365-day passes through myki Commuter Club if your workplace is eligible Explore other ways to get cheaper travel.

### myki feedback
Visit our myki feedback page to tell us about your experiences using the myki ticketing system.

### Quick links
How to pay for public transport Contactless payments V/Line tickets Feedback",
T40Q01,can i get a concession myki as an international student and how much would it save me,S13_006,"Full Fare myki

Full fare pricing for standard travel on trains, trams and buses.

### Youth
Under-18s travel free with a Youth myki; 18-year- olds get half-price fares with ...

### Concession
50% off for students, pensioners, seniors, disability support, healthcare card h...",
T40Q01,can i get a concession myki as an international student and how much would it save me,S15_001,"and settle into your new life in Australia

as an international student.

### Student Identifier
If you plan to study at a university in Australia, attend TAFE or do any other nationally recognised training , you will need a Unique Student Identifier (USI). With a USI, you can get your qualification or statement of attainment. You can only create a USI after you have arrived in Australia and cleared customs using your non-Australian passport and Australian visa as forms of ID. Once you have both documents, you can create your USI online by following the step-by-step instructions on the website. You should obtain your USI as soon as possible after arriving in Australia so that you can provide it to your education or training provider. For more information, visit usi.gov.au.",
T40Q01,can i get a concession myki as an international student and how much would it save me,S13_005,"Find out more about fares east

Public transport is half price until 1 January 2027, and the prices below reflect this discount. Once you hit the cap, travel is free for the rest of the day. Weekday cap: $5.70 full fare | $2.85 concession Weekend cap: $4.00 full fare | $2.00 concession | Seniors free Until you reach the cap, how much you pay depends on how far you travel.",
T40Q01,can i get a concession myki as an international student and how much would it save me,S03_013,"Applying for any other visa

If you have completed the course we granted you the visa for, you don’t need to ask us to waive condition 8534 to make a valid application for one of these visas: General Skilled Migration visa (for example Subclass 189 or 190) Subclass 132 (Business Talent) visa Subclass 186 (Employee Nomination Scheme) visa Subclass 187 (Regional Sponsored Migration Scheme) visa Subclass 188 (Business Innovation and Investment (Provisional)) visa Subclass 482 (Temporary Skill Shortage) visa You can ask us to waive this condition (https://immi.homeaffairs.gov.au/visas/already-have-a-visa/check-visa-details-and- conditions/waivers-and-permissions/no-further-stay-waiver) in limited circumstances if you want to apply for any other visa, including a further Student visa. While you are in Australia, we will not grant you a new substantive visa other than:",
T40Q01,can i get a concession myki as an international student and how much would it save me,S03_015,"Additional information

Condition 8535 is mandatory on subclass 500 Student visas for students sponsored by the Department of Foreign Affairs and Trade or Department of Defence.

### Applying for a student visa
If condition 8535 applies to your current visa, attach a letter of support from the Australian Government or a foreign government with your new application. You don’t need to ask us to waive the condition before you submit your application.",
T40Q01,can i get a concession myki as an international student and how much would it save me,S03_010,"8516 - Continue to satisfy the criteria for the grant of the visa (#)

8517 - Maintain adequate arrangements for the education of your school-age dependants (#)

### 8518 - Maintain adequate arrangements for your education (#)
See what to do if there are changes to your study situation (https://immi.homeaffairs.gov.au/change-in-situation/study- situation). If you are younger than 18 years of age, you must have accommodation and support, and your general welfare must be maintained for the duration To maintain your welfare, you must stay in Australia with: your parent or legal custodian or a relative who has been nominated by your parents or custodians who is aged over 21 and is of good character or have accommodation, support and general welfare arrangements in place that have been approved by your education provider You must not change your arrangements without the written approval of your education provider. If your welfare arrangements are approved by your education provider you must not travel to Australia until your welfare arrangements start current and previous 570-576 visa holders, See the Regulations 500 visa holders, See the Regulation (https://www.legislation.gov.au/F1996B03551/latest/versions) You must let your education provider know your residential address within 7 days of arriving in Australia if you were outside Australia when your visa was granted. If your residential address changes you must let your education provider know within 7 days after the change. Notify your current education provider that​ you have changed your education provider within 7 days of receiving: a confirmation of enrolment from your new education provider, or evidence you have been enrolled by the new education provider We will contact you through your school. If you don’t update your contact details we won’t be able to contact you. See the Regulation (https://www.legislation.gov.au/F1996B03551/latest/versions)",
T40Q01,can i get a concession myki as an international student and how much would it save me,S08_001,"I'm a migrant worker being treated unfairly

It can be difficult to deal with unfair treatment when you’re a migrant worker. Migrant workers and visa holders (including international students) have the same workplace entitlements and protections as all other employees in Australia. On this page: How to discuss your workplace rights If you need more support Tools and resources Related information",
T40Q01,can i get a concession myki as an international student and how much would it save me,S16_006,"Helpful information

Helping you navigate public transport in Victoria.

### Find a myki outlet near you
Find a retailer, station or machine to buy a myki or top up. Find a myki outlet near you.

### Replacements and refunds
You can replace a myki card, paper ticket or student ID. Use an online form to refund a myki card, paper ticket or student ID.",
T40Q01,can i get a concession myki as an international student and how much would it save me,S16_003,"How it works

Tap on every time to ensure you get the lowest fare.

### Where you can use it
Available on trains, trams and buses, and some V/Line trains across metro and some regional areas. myki is progressively rolling out on regional lines.",
T40Q01,can i get a concession myki as an international student and how much would it save me,S15_009,"Driving

Most Australian states and territories (the exception being the

### Student Support Services
Australia offers a wide range of student services, such as academic, language, housing, legal and careers support. LIFE IN AUSTRALIA

### Accommodation
Australia has a wide range of short-term, rental, on campus and homestay accommodation options for students. Useful tools Career Matcher Speaking English practice test Cost of living calculator Find a course search Follow Us Subscribe to our newsletter Sign up to get all the latest student stories, blog posts and updates on student visas and travel to Australia straight to your inbox. Sign Up In the spirit of reconciliation we acknowledge the Traditional Custodians of country throughout Australia and their Northern Territory) allow student visa holders to drive with their overseas licence as long as it is current. When driving, you must carry your overseas licence with you at all times, with either an international driving permit or an accredited English translation if your licence is not in English. It's a good idea to check the licensing rules in your state or territory to avoid a fine. It's also important to familiarise yourself with Australian road rules to keep yourself and your passengers safe.",
T40Q01,can i get a concession myki as an international student and how much would it save me,S02_004,"Example

Maya went to her GP to discuss a few health concerns. While she was there, her GP advised her to get a flu vaccination and a blood test to check her iron levels. Maya’s GP bulk billed her. This means she didn’t have to pay for her appointment. Maya did have to pay for her flu vaccine. This is because we don’t cover the flu vaccine for most adults. Maya paid a total of $20 to cover the flu vaccine. Maya asked her GP how much the blood test would cost. Maya didn’t have to pay for this test because the pathology lab that tested the sample chose to bulk bill.",
T40Q01,can i get a concession myki as an international student and how much would it save me,S13_008,"Cheaper travel after 6pm

If you tap on after 6pm, you can travel until 3am the next day. This gives you up to 9 hours of travel for the price of 2 hours. Feedback

### Weekend and public holiday fares
On weekends and public holidays, your daily fare is capped at $4.00 for full fare, $2.00 for concession, and free for Seniors myki holders. You may be eligible for free weekend travel if you have certain concessions or a free travel pass. New ways to tap and go rolling out on lo... From 16 August, myki and contactless payment options will be progressively avail...

### Quick links
myki Contactless payments V/Line tickets Feedback",
T40Q01,can i get a concession myki as an international student and how much would it save me,S15_003,"Open a bank account

To open a bank account, visit bank branch in Australia and tell them you are an international student wanting to open an account. To open an account, you will need: electronic Confirmation of Enrolment (eCoE) passport, and proof of your address in Australia (such as a phone bill or lease agreement). You should get a Tax File Number (TFN) and submit it to the bank. You don’t need it to open your account, but without one, you will be taxed at a higher rate. You can find information about getting a TFN at the Australian Tax Office website.",
T40Q01,can i get a concession myki as an international student and how much would it save me,S16_001,"Get started with myki

Your ticket to travel on trains, trams and buses in Melbourne and most of regional Victoria. Buy a myki Top up online Download the PTV App

### Physical myki
Buy a physical myki and top up to travel if you don't want to use a bank card. Card cost: $6 full fare | $3 concession | $5 youth. You'll need to top up separately before you can travel.",
T40Q01,can i get a concession myki as an international student and how much would it save me,S03_012,"Additional information

Condition 8534 can be applied to subclass 500 Student visa holders and their family members at our discretion. The case officer that assesses your application will decide whether to apply the condition.

### Applying for a graduate visa
If condition 8534 applies to your current visa you can only apply for the Temporary Graduate visa using the paper form. You don’t need to ask us to waive the condition before you submit your application. Download and complete Form 1409 Application for a Temporary Graduate visa. Ensure you tick the box saying you want to waive this condition.",
